[0m13:11:30.615642 [debug] [MainThread]: Sending event: {'category': 'dbt', 'action': 'invocation', 'label': 'start', 'context': [<snowplow_tracker.self_describing_json.SelfDescribingJson object at 0x0000027327881D30>, <snowplow_tracker.self_describing_json.SelfDescribingJson object at 0x0000027329E93ED0>, <snowplow_tracker.self_describing_json.SelfDescribingJson object at 0x0000027329E93D90>]}


============================== 13:11:30.643045 | 4e254fa3-5a8a-4951-aa37-76b696c9845f ==============================
[0m13:11:30.643045 [info ] [MainThread]: Running with dbt=1.12.5
[0m13:11:30.646448 [debug] [MainThread]: running dbt with arguments {'maximum_seed_size_mib': '1', 'no_print': 'None', 'version_check': 'True', 'target_path': 'None', 'static_parser': 'True', 'warn_error_options': 'WarnErrorOptionsV2(error=[], warn=[], silence=[])', 'printer_width': '80', 'write_json': 'True', 'introspect': 'True', 'log_cache_events': 'False', 'empty': 'None', 'cache_selected_only': 'False', 'log_format': 'default', 'debug': 'False', 'fail_fast': 'False', 'profiles_dir': 'C:\\Users\\Arun\\.dbt', 'send_anonymous_usage_stats': 'True', 'quiet': 'False', 'warn_error': 'None', 'partial_parse': 'True', 'indirect_selection': 'eager', 'hints_enabled': 'True', 'use_colors': 'True', 'use_experimental_parser': 'False', 'invocation_command': 'dbt debug', 'log_path': 'C:\\Users\\Arun\\OneDrive\\Desktop\\nl2sql-agentic-rag\\nl2sql-agentic-rag\\dbt_project\\logs'}
[0m13:11:30.800199 [info ] [MainThread]: dbt version: 1.12.5
[0m13:11:30.802761 [info ] [MainThread]: python version: 3.13.7
[0m13:11:30.805205 [info ] [MainThread]: python path: C:\Users\Arun\OneDrive\Desktop\nl2sql-agentic-rag\nl2sql-agentic-rag\venv\Scripts\python.exe
[0m13:11:30.807115 [info ] [MainThread]: os info: Windows-11-10.0.26200-SP0
[0m13:11:30.809440 [info ] [MainThread]: Using profiles dir at C:\Users\Arun\.dbt
[0m13:11:30.811381 [info ] [MainThread]: Using profiles.yml file at C:\Users\Arun\.dbt\profiles.yml
[0m13:11:30.813140 [info ] [MainThread]: Using dbt_project.yml file at C:\Users\Arun\OneDrive\Desktop\nl2sql-agentic-rag\nl2sql-agentic-rag\dbt_project\dbt_project.yml
[0m13:11:31.563777 [info ] [MainThread]: Configuration:
[0m13:11:31.565909 [info ] [MainThread]:   profiles.yml file [[31mERROR not found[0m]
[0m13:11:31.568810 [info ] [MainThread]:   dbt_project.yml file [[32mOK found and valid[0m]
[0m13:11:31.570973 [info ] [MainThread]: Required dependencies:
[0m13:11:31.573191 [debug] [MainThread]: Executing "git --help"
[0m13:11:31.678595 [debug] [MainThread]: STDOUT: "b"usage: git [-v | --version] [-h | --help] [-C <path>] [-c <name>=<value>]\n           [--exec-path[=<path>]] [--html-path] [--man-path] [--info-path]\n           [-p | --paginate | -P | --no-pager] [--no-replace-objects] [--bare]\n           [--git-dir=<path>] [--work-tree=<path>] [--namespace=<name>]\n           [--super-prefix=<path>] [--config-env=<name>=<envvar>]\n           <command> [<args>]\n\nThese are common Git commands used in various situations:\n\nstart a working area (see also: git help tutorial)\n   clone     Clone a repository into a new directory\n   init      Create an empty Git repository or reinitialize an existing one\n\nwork on the current change (see also: git help everyday)\n   add       Add file contents to the index\n   mv        Move or rename a file, a directory, or a symlink\n   restore   Restore working tree files\n   rm        Remove files from the working tree and from the index\n\nexamine the history and state (see also: git help revisions)\n   bisect    Use binary search to find the commit that introduced a bug\n   diff      Show changes between commits, commit and working tree, etc\n   grep      Print lines matching a pattern\n   log       Show commit logs\n   show      Show various types of objects\n   status    Show the working tree status\n\ngrow, mark and tweak your common history\n   branch    List, create, or delete branches\n   commit    Record changes to the repository\n   merge     Join two or more development histories together\n   rebase    Reapply commits on top of another base tip\n   reset     Reset current HEAD to the specified state\n   switch    Switch branches\n   tag       Create, list, delete or verify a tag object signed with GPG\n\ncollaborate (see also: git help workflows)\n   fetch     Download objects and refs from another repository\n   pull      Fetch from and integrate with another repository or a local branch\n   push      Update remote refs along with associated objects\n\n'git help -a' and 'git help -g' list available subcommands and some\nconcept guides. See 'git help <command>' or 'git help <concept>'\nto read about a specific subcommand or concept.\nSee 'git help git' for an overview of the system.\n""
[0m13:11:31.680820 [debug] [MainThread]: STDERR: "b''"
[0m13:11:31.683241 [info ] [MainThread]:  - git [[32mOK found[0m]

[0m13:11:31.685323 [info ] [MainThread]: Connection test skipped since no profile was found
[0m13:11:31.687473 [info ] [MainThread]: [31m1 check failed:[0m
[0m13:11:31.688899 [info ] [MainThread]: dbt looked for a profiles.yml file in C:\Users\Arun\.dbt\profiles.yml, but did
not find one. For more information on configuring your profile, consult the
documentation:

https://docs.getdbt.com/docs/configure-your-profile


[0m13:11:31.692634 [debug] [MainThread]: Command `dbt debug` failed at 13:11:31.692172 after 2.24 seconds
[0m13:11:31.694889 [debug] [MainThread]: Sending event: {'category': 'dbt', 'action': 'invocation', 'label': 'end', 'context': [<snowplow_tracker.self_describing_json.SelfDescribingJson object at 0x0000027329EFA8B0>, <snowplow_tracker.self_describing_json.SelfDescribingJson object at 0x000002732A1D4050>, <snowplow_tracker.self_describing_json.SelfDescribingJson object at 0x00000273271DD8C0>]}
[0m13:11:31.696695 [debug] [MainThread]: Flushing usage events
[0m13:11:33.798554 [debug] [MainThread]: An error was encountered while trying to flush usage events
[0m13:39:37.710319 [debug] [MainThread]: Sending event: {'category': 'dbt', 'action': 'invocation', 'label': 'start', 'context': [<snowplow_tracker.self_describing_json.SelfDescribingJson object at 0x000002483DA45D30>, <snowplow_tracker.self_describing_json.SelfDescribingJson object at 0x0000024840053ED0>, <snowplow_tracker.self_describing_json.SelfDescribingJson object at 0x0000024840053D90>]}


============================== 13:39:37.722588 | 178c49e3-80d1-414f-9b14-3dc25bb916d0 ==============================
[0m13:39:37.722588 [info ] [MainThread]: Running with dbt=1.12.5
[0m13:39:37.723494 [debug] [MainThread]: running dbt with arguments {'maximum_seed_size_mib': '1', 'no_print': 'None', 'version_check': 'True', 'target_path': 'None', 'static_parser': 'True', 'warn_error_options': 'WarnErrorOptionsV2(error=[], warn=[], silence=[])', 'printer_width': '80', 'write_json': 'True', 'introspect': 'True', 'log_cache_events': 'False', 'empty': 'None', 'cache_selected_only': 'False', 'fail_fast': 'False', 'debug': 'False', 'log_format': 'default', 'profiles_dir': 'C:\\Users\\Arun\\.dbt', 'send_anonymous_usage_stats': 'True', 'quiet': 'False', 'warn_error': 'None', 'partial_parse': 'True', 'indirect_selection': 'eager', 'hints_enabled': 'True', 'use_colors': 'True', 'use_experimental_parser': 'False', 'invocation_command': 'dbt debug', 'log_path': 'C:\\Users\\Arun\\OneDrive\\Desktop\\nl2sql-agentic-rag\\nl2sql-agentic-rag\\dbt_project\\logs'}
[0m13:39:37.781670 [info ] [MainThread]: dbt version: 1.12.5
[0m13:39:37.783570 [info ] [MainThread]: python version: 3.13.7
[0m13:39:37.784874 [info ] [MainThread]: python path: C:\Users\Arun\OneDrive\Desktop\nl2sql-agentic-rag\nl2sql-agentic-rag\venv\Scripts\python.exe
[0m13:39:37.786288 [info ] [MainThread]: os info: Windows-11-10.0.26200-SP0
[0m13:39:41.223217 [debug] [MainThread]: Snowflake adapter: Setting snowflake.connector to ERROR (file logging only)
[0m13:39:41.224286 [debug] [MainThread]: Snowflake adapter: Setting botocore to ERROR (file logging only)
[0m13:39:41.225128 [debug] [MainThread]: Snowflake adapter: Setting boto3 to ERROR (file logging only)
[0m13:39:45.594609 [info ] [MainThread]: Using profiles dir at C:\Users\Arun\.dbt
[0m13:39:45.595458 [info ] [MainThread]: Using profiles.yml file at C:\Users\Arun\.dbt\profiles.yml
[0m13:39:45.596101 [info ] [MainThread]: Using dbt_project.yml file at C:\Users\Arun\OneDrive\Desktop\nl2sql-agentic-rag\nl2sql-agentic-rag\dbt_project\dbt_project.yml
[0m13:39:45.598902 [info ] [MainThread]: adapter type: snowflake
[0m13:39:45.600901 [info ] [MainThread]: adapter version: 1.12.1
[0m13:39:45.903890 [info ] [MainThread]: Configuration:
[0m13:39:45.904907 [info ] [MainThread]:   profiles.yml file [[32mOK found and valid[0m]
[0m13:39:45.905535 [info ] [MainThread]:   dbt_project.yml file [[32mOK found and valid[0m]
[0m13:39:45.906029 [info ] [MainThread]: Required dependencies:
[0m13:39:45.906550 [debug] [MainThread]: Executing "git --help"
[0m13:39:45.969747 [debug] [MainThread]: STDOUT: "b"usage: git [-v | --version] [-h | --help] [-C <path>] [-c <name>=<value>]\n           [--exec-path[=<path>]] [--html-path] [--man-path] [--info-path]\n           [-p | --paginate | -P | --no-pager] [--no-replace-objects] [--bare]\n           [--git-dir=<path>] [--work-tree=<path>] [--namespace=<name>]\n           [--super-prefix=<path>] [--config-env=<name>=<envvar>]\n           <command> [<args>]\n\nThese are common Git commands used in various situations:\n\nstart a working area (see also: git help tutorial)\n   clone     Clone a repository into a new directory\n   init      Create an empty Git repository or reinitialize an existing one\n\nwork on the current change (see also: git help everyday)\n   add       Add file contents to the index\n   mv        Move or rename a file, a directory, or a symlink\n   restore   Restore working tree files\n   rm        Remove files from the working tree and from the index\n\nexamine the history and state (see also: git help revisions)\n   bisect    Use binary search to find the commit that introduced a bug\n   diff      Show changes between commits, commit and working tree, etc\n   grep      Print lines matching a pattern\n   log       Show commit logs\n   show      Show various types of objects\n   status    Show the working tree status\n\ngrow, mark and tweak your common history\n   branch    List, create, or delete branches\n   commit    Record changes to the repository\n   merge     Join two or more development histories together\n   rebase    Reapply commits on top of another base tip\n   reset     Reset current HEAD to the specified state\n   switch    Switch branches\n   tag       Create, list, delete or verify a tag object signed with GPG\n\ncollaborate (see also: git help workflows)\n   fetch     Download objects and refs from another repository\n   pull      Fetch from and integrate with another repository or a local branch\n   push      Update remote refs along with associated objects\n\n'git help -a' and 'git help -g' list available subcommands and some\nconcept guides. See 'git help <command>' or 'git help <concept>'\nto read about a specific subcommand or concept.\nSee 'git help git' for an overview of the system.\n""
[0m13:39:45.970769 [debug] [MainThread]: STDERR: "b''"
[0m13:39:45.971512 [info ] [MainThread]:  - git [[32mOK found[0m]

[0m13:39:45.972024 [info ] [MainThread]: Connection:
[0m13:39:45.972514 [info ] [MainThread]:   account: <your-account>.<region>
[0m13:39:45.972949 [info ] [MainThread]:   user: NL2SQL_SERVICE_USER
[0m13:39:45.973380 [info ] [MainThread]:   database: NL2SQL_ANALYTICS
[0m13:39:45.973782 [info ] [MainThread]:   warehouse: COMPUTE_WH
[0m13:39:45.974173 [info ] [MainThread]:   role: NL2SQL_DBT_ROLE
[0m13:39:45.974559 [info ] [MainThread]:   schema: DBT_DEV
[0m13:39:45.974952 [info ] [MainThread]:   authenticator: None
[0m13:39:45.975360 [info ] [MainThread]:   oauth_client_id: None
[0m13:39:45.975748 [info ] [MainThread]:   query_tag: None
[0m13:39:45.976134 [info ] [MainThread]:   client_session_keep_alive: False
[0m13:39:45.976521 [info ] [MainThread]:   host: None
[0m13:39:45.976896 [info ] [MainThread]:   port: None
[0m13:39:45.977387 [info ] [MainThread]:   proxy_host: None
[0m13:39:45.977842 [info ] [MainThread]:   proxy_port: None
[0m13:39:45.978259 [info ] [MainThread]:   protocol: None
[0m13:39:45.978654 [info ] [MainThread]:   connect_retries: 1
[0m13:39:45.979039 [info ] [MainThread]:   connect_timeout: None
[0m13:39:45.979445 [info ] [MainThread]:   retry_on_database_errors: False
[0m13:39:45.979834 [info ] [MainThread]:   retry_all: False
[0m13:39:45.980241 [info ] [MainThread]:   insecure_mode: False
[0m13:39:45.980610 [info ] [MainThread]:   reuse_connections: True
[0m13:39:45.980979 [info ] [MainThread]:   s3_stage_vpce_dns_name: None
[0m13:39:45.981375 [info ] [MainThread]:   workload_identity_provider: None
[0m13:39:45.981992 [info ] [MainThread]:   workload_identity_entra_resource: None
[0m13:39:45.983157 [info ] [MainThread]:   platform_detection_timeout_seconds: 0.0
[0m13:39:45.984628 [info ] [MainThread]: Registered adapter: snowflake=1.12.1
[0m13:39:46.997595 [debug] [MainThread]: Acquiring new snowflake connection 'debug'
[0m13:39:47.004561 [debug] [MainThread]: Using snowflake connection "debug"
[0m13:39:47.005143 [debug] [MainThread]: On debug: select 1 as id
[0m13:39:47.005595 [debug] [MainThread]: Opening a new connection, currently in state init
[0m13:39:47.006295 [debug] [MainThread]: Snowflake adapter: Error running SQL: select 1 as id
[0m13:39:47.006705 [debug] [MainThread]: Snowflake adapter: Rolling back transaction.
[0m13:39:47.007124 [info ] [MainThread]:   Connection test: [[31mERROR[0m]

[0m13:39:47.007559 [info ] [MainThread]: [31m1 check failed:[0m
[0m13:39:47.007987 [info ] [MainThread]: dbt was unable to connect to the specified database.
The database returned the following error:

  >Database Error
  [Errno 2] No such file or directory: '~/.snowflake/rsa_key.p8'

Check your database credentials and try again. For more information, visit:
https://docs.getdbt.com/docs/configure-your-profile


[0m13:39:47.009546 [debug] [MainThread]: Command `dbt debug` failed at 13:39:47.009372 after 9.70 seconds
[0m13:39:47.010046 [debug] [MainThread]: Connection 'debug' was left open.
[0m13:39:47.010485 [debug] [MainThread]: On debug: No close available on handle
[0m13:39:47.010942 [debug] [MainThread]: Sending event: {'category': 'dbt', 'action': 'invocation', 'label': 'end', 'context': [<snowplow_tracker.self_describing_json.SelfDescribingJson object at 0x00000248517E7A80>, <snowplow_tracker.self_describing_json.SelfDescribingJson object at 0x0000024851D4C170>, <snowplow_tracker.self_describing_json.SelfDescribingJson object at 0x0000024851B9B350>]}
[0m13:39:47.011459 [debug] [MainThread]: Flushing usage events
[0m13:39:47.770645 [debug] [MainThread]: An error was encountered while trying to flush usage events
[0m13:43:55.745504 [debug] [MainThread]: Sending event: {'category': 'dbt', 'action': 'invocation', 'label': 'start', 'context': [<snowplow_tracker.self_describing_json.SelfDescribingJson object at 0x00000161BF7A1D30>, <snowplow_tracker.self_describing_json.SelfDescribingJson object at 0x00000161C1DB3ED0>, <snowplow_tracker.self_describing_json.SelfDescribingJson object at 0x00000161C1DB3D90>]}


============================== 13:43:55.754951 | 85acbbb4-c5b2-41fc-b249-928e01629e40 ==============================
[0m13:43:55.754951 [info ] [MainThread]: Running with dbt=1.12.5
[0m13:43:55.755925 [debug] [MainThread]: running dbt with arguments {'maximum_seed_size_mib': '1', 'no_print': 'None', 'static_parser': 'True', 'warn_error_options': 'WarnErrorOptionsV2(error=[], warn=[], silence=[])', 'version_check': 'True', 'target_path': 'None', 'printer_width': '80', 'write_json': 'True', 'introspect': 'True', 'log_cache_events': 'False', 'empty': 'None', 'cache_selected_only': 'False', 'log_format': 'default', 'debug': 'False', 'fail_fast': 'False', 'partial_parse': 'True', 'send_anonymous_usage_stats': 'True', 'quiet': 'False', 'warn_error': 'None', 'profiles_dir': 'C:\\Users\\Arun\\.dbt', 'use_colors': 'True', 'hints_enabled': 'True', 'indirect_selection': 'eager', 'use_experimental_parser': 'False', 'invocation_command': 'dbt debug', 'log_path': 'C:\\Users\\Arun\\OneDrive\\Desktop\\nl2sql-agentic-rag\\nl2sql-agentic-rag\\dbt_project\\logs'}
[0m13:43:55.802531 [info ] [MainThread]: dbt version: 1.12.5
[0m13:43:55.803364 [info ] [MainThread]: python version: 3.13.7
[0m13:43:55.804009 [info ] [MainThread]: python path: C:\Users\Arun\OneDrive\Desktop\nl2sql-agentic-rag\nl2sql-agentic-rag\venv\Scripts\python.exe
[0m13:43:55.804569 [info ] [MainThread]: os info: Windows-11-10.0.26200-SP0
[0m13:43:58.219019 [debug] [MainThread]: Snowflake adapter: Setting snowflake.connector to ERROR (file logging only)
[0m13:43:58.219642 [debug] [MainThread]: Snowflake adapter: Setting botocore to ERROR (file logging only)
[0m13:43:58.220097 [debug] [MainThread]: Snowflake adapter: Setting boto3 to ERROR (file logging only)
[0m13:43:58.480088 [info ] [MainThread]: Using profiles dir at C:\Users\Arun\.dbt
[0m13:43:58.480804 [info ] [MainThread]: Using profiles.yml file at C:\Users\Arun\.dbt\profiles.yml
[0m13:43:58.481289 [info ] [MainThread]: Using dbt_project.yml file at C:\Users\Arun\OneDrive\Desktop\nl2sql-agentic-rag\nl2sql-agentic-rag\dbt_project\dbt_project.yml
[0m13:43:58.482936 [info ] [MainThread]: adapter type: snowflake
[0m13:43:58.483800 [info ] [MainThread]: adapter version: 1.12.1
[0m13:43:58.700289 [info ] [MainThread]: Configuration:
[0m13:43:58.701033 [info ] [MainThread]:   profiles.yml file [[32mOK found and valid[0m]
[0m13:43:58.701458 [info ] [MainThread]:   dbt_project.yml file [[32mOK found and valid[0m]
[0m13:43:58.701856 [info ] [MainThread]: Required dependencies:
[0m13:43:58.702327 [debug] [MainThread]: Executing "git --help"
[0m13:43:58.769543 [debug] [MainThread]: STDOUT: "b"usage: git [-v | --version] [-h | --help] [-C <path>] [-c <name>=<value>]\n           [--exec-path[=<path>]] [--html-path] [--man-path] [--info-path]\n           [-p | --paginate | -P | --no-pager] [--no-replace-objects] [--bare]\n           [--git-dir=<path>] [--work-tree=<path>] [--namespace=<name>]\n           [--super-prefix=<path>] [--config-env=<name>=<envvar>]\n           <command> [<args>]\n\nThese are common Git commands used in various situations:\n\nstart a working area (see also: git help tutorial)\n   clone     Clone a repository into a new directory\n   init      Create an empty Git repository or reinitialize an existing one\n\nwork on the current change (see also: git help everyday)\n   add       Add file contents to the index\n   mv        Move or rename a file, a directory, or a symlink\n   restore   Restore working tree files\n   rm        Remove files from the working tree and from the index\n\nexamine the history and state (see also: git help revisions)\n   bisect    Use binary search to find the commit that introduced a bug\n   diff      Show changes between commits, commit and working tree, etc\n   grep      Print lines matching a pattern\n   log       Show commit logs\n   show      Show various types of objects\n   status    Show the working tree status\n\ngrow, mark and tweak your common history\n   branch    List, create, or delete branches\n   commit    Record changes to the repository\n   merge     Join two or more development histories together\n   rebase    Reapply commits on top of another base tip\n   reset     Reset current HEAD to the specified state\n   switch    Switch branches\n   tag       Create, list, delete or verify a tag object signed with GPG\n\ncollaborate (see also: git help workflows)\n   fetch     Download objects and refs from another repository\n   pull      Fetch from and integrate with another repository or a local branch\n   push      Update remote refs along with associated objects\n\n'git help -a' and 'git help -g' list available subcommands and some\nconcept guides. See 'git help <command>' or 'git help <concept>'\nto read about a specific subcommand or concept.\nSee 'git help git' for an overview of the system.\n""
[0m13:43:58.770200 [debug] [MainThread]: STDERR: "b''"
[0m13:43:58.770712 [info ] [MainThread]:  - git [[32mOK found[0m]

[0m13:43:58.771152 [info ] [MainThread]: Connection:
[0m13:43:58.771581 [info ] [MainThread]:   account: <your-account>.<region>
[0m13:43:58.771980 [info ] [MainThread]:   user: NL2SQL_SERVICE_USER
[0m13:43:58.772356 [info ] [MainThread]:   database: NL2SQL_ANALYTICS
[0m13:43:58.772737 [info ] [MainThread]:   warehouse: COMPUTE_WH
[0m13:43:58.773099 [info ] [MainThread]:   role: NL2SQL_DBT_ROLE
[0m13:43:58.773455 [info ] [MainThread]:   schema: DBT_DEV
[0m13:43:58.773803 [info ] [MainThread]:   authenticator: None
[0m13:43:58.774169 [info ] [MainThread]:   oauth_client_id: None
[0m13:43:58.774518 [info ] [MainThread]:   query_tag: None
[0m13:43:58.774966 [info ] [MainThread]:   client_session_keep_alive: False
[0m13:43:58.775401 [info ] [MainThread]:   host: None
[0m13:43:58.775838 [info ] [MainThread]:   port: None
[0m13:43:58.776289 [info ] [MainThread]:   proxy_host: None
[0m13:43:58.776719 [info ] [MainThread]:   proxy_port: None
[0m13:43:58.777146 [info ] [MainThread]:   protocol: None
[0m13:43:58.777575 [info ] [MainThread]:   connect_retries: 1
[0m13:43:58.778015 [info ] [MainThread]:   connect_timeout: None
[0m13:43:58.778439 [info ] [MainThread]:   retry_on_database_errors: False
[0m13:43:58.778847 [info ] [MainThread]:   retry_all: False
[0m13:43:58.779193 [info ] [MainThread]:   insecure_mode: False
[0m13:43:58.779539 [info ] [MainThread]:   reuse_connections: True
[0m13:43:58.779897 [info ] [MainThread]:   s3_stage_vpce_dns_name: None
[0m13:43:58.780249 [info ] [MainThread]:   workload_identity_provider: None
[0m13:43:58.780598 [info ] [MainThread]:   workload_identity_entra_resource: None
[0m13:43:58.780950 [info ] [MainThread]:   platform_detection_timeout_seconds: 0.0
[0m13:43:58.782094 [info ] [MainThread]: Registered adapter: snowflake=1.12.1
[0m13:43:59.687163 [debug] [MainThread]: Acquiring new snowflake connection 'debug'
[0m13:43:59.691647 [debug] [MainThread]: Using snowflake connection "debug"
[0m13:43:59.692168 [debug] [MainThread]: On debug: select 1 as id
[0m13:43:59.692558 [debug] [MainThread]: Opening a new connection, currently in state init
[0m13:44:00.574723 [debug] [MainThread]: SQL status: SUCCESS 1 in 0.882 seconds
[0m13:44:00.576490 [info ] [MainThread]:   Connection test: [[32mOK connection ok[0m]

[0m13:44:00.577091 [info ] [MainThread]: [32mAll checks passed![0m
[0m13:44:00.578457 [debug] [MainThread]: Command `dbt debug` succeeded at 13:44:00.578288 after 5.15 seconds
[0m13:44:00.578929 [debug] [MainThread]: Connection 'debug' was left open.
[0m13:44:00.579357 [debug] [MainThread]: On debug: Close
[0m13:44:00.713830 [debug] [MainThread]: Sending event: {'category': 'dbt', 'action': 'invocation', 'label': 'end', 'context': [<snowplow_tracker.self_describing_json.SelfDescribingJson object at 0x00000161D3547A80>, <snowplow_tracker.self_describing_json.SelfDescribingJson object at 0x00000161D3AAC950>, <snowplow_tracker.self_describing_json.SelfDescribingJson object at 0x00000161D39039B0>]}
[0m13:44:00.714448 [debug] [MainThread]: Flushing usage events
[0m13:44:01.252577 [debug] [MainThread]: An error was encountered while trying to flush usage events
[0m13:45:12.628332 [debug] [MainThread]: Sending event: {'category': 'dbt', 'action': 'invocation', 'label': 'start', 'context': [<snowplow_tracker.self_describing_json.SelfDescribingJson object at 0x00000181A1295D30>, <snowplow_tracker.self_describing_json.SelfDescribingJson object at 0x000001819E1B1090>, <snowplow_tracker.self_describing_json.SelfDescribingJson object at 0x00000181A3873ED0>]}


============================== 13:45:12.639246 | bf492ed9-a5e7-4c1f-8f7a-0bb3c551ff6b ==============================
[0m13:45:12.639246 [info ] [MainThread]: Running with dbt=1.12.5
[0m13:45:12.641233 [debug] [MainThread]: running dbt with arguments {'static_parser': 'True', 'no_print': 'None', 'maximum_seed_size_mib': '1', 'target_path': 'None', 'warn_error_options': 'WarnErrorOptionsV2(error=[], warn=[], silence=[])', 'version_check': 'True', 'printer_width': '80', 'write_json': 'True', 'introspect': 'True', 'log_cache_events': 'False', 'empty': 'False', 'cache_selected_only': 'False', 'fail_fast': 'False', 'debug': 'False', 'log_format': 'default', 'partial_parse': 'True', 'send_anonymous_usage_stats': 'True', 'quiet': 'False', 'warn_error': 'None', 'profiles_dir': 'C:\\Users\\Arun\\.dbt', 'invocation_command': 'dbt run --select staging', 'hints_enabled': 'True', 'use_colors': 'True', 'use_experimental_parser': 'False', 'indirect_selection': 'eager', 'log_path': 'C:\\Users\\Arun\\OneDrive\\Desktop\\nl2sql-agentic-rag\\nl2sql-agentic-rag\\dbt_project\\logs'}
[0m13:45:15.078907 [debug] [MainThread]: Snowflake adapter: Setting snowflake.connector to ERROR (file logging only)
[0m13:45:15.080454 [debug] [MainThread]: Snowflake adapter: Setting botocore to ERROR (file logging only)
[0m13:45:15.080975 [debug] [MainThread]: Snowflake adapter: Setting boto3 to ERROR (file logging only)
[0m13:45:16.025701 [debug] [MainThread]: Sending event: {'category': 'dbt', 'action': 'project_id', 'label': 'bf492ed9-a5e7-4c1f-8f7a-0bb3c551ff6b', 'context': [<snowplow_tracker.self_describing_json.SelfDescribingJson object at 0x00000181A17A7230>]}
[0m13:45:16.167964 [debug] [MainThread]: Sending event: {'category': 'dbt', 'action': 'adapter_info', 'label': 'bf492ed9-a5e7-4c1f-8f7a-0bb3c551ff6b', 'context': [<snowplow_tracker.self_describing_json.SelfDescribingJson object at 0x00000181A38A5F20>]}
[0m13:45:16.170697 [info ] [MainThread]: Registered adapter: snowflake=1.12.1
[0m13:45:16.946372 [debug] [MainThread]: checksum: 7cb6fbc234c85391064f5eab34df2c59dc8405dacac8927df8c69f1cba9e8d16, vars: {}, profile: nl2sql_analytics, target: dev, version: 1.12.5
[0m13:45:16.947989 [info ] [MainThread]: Unable to do partial parsing because saved manifest not found. Starting full parse.
[0m13:45:16.949153 [debug] [MainThread]: Sending event: {'category': 'dbt', 'action': 'partial_parser', 'label': 'bf492ed9-a5e7-4c1f-8f7a-0bb3c551ff6b', 'context': [<snowplow_tracker.self_describing_json.SelfDescribingJson object at 0x00000181B4FAF450>]}
[0m13:45:21.425586 [warn ] [MainThread]: [[33mWARNING[0m]: Configuration paths exist in your dbt_project.yml file which do not apply to any resources.
There are 2 unused configuration paths:
- models.nl2sql_analytics.intermediate
- models.nl2sql_analytics.marts
[0m13:45:21.433475 [debug] [MainThread]: Sending event: {'category': 'dbt', 'action': 'load_project', 'label': 'bf492ed9-a5e7-4c1f-8f7a-0bb3c551ff6b', 'context': [<snowplow_tracker.self_describing_json.SelfDescribingJson object at 0x00000181A1CC7D40>]}
[0m13:45:21.572854 [debug] [MainThread]: Wrote artifact WritableManifest to C:\Users\Arun\OneDrive\Desktop\nl2sql-agentic-rag\nl2sql-agentic-rag\dbt_project\target\manifest.json
[0m13:45:21.579076 [debug] [MainThread]: Wrote artifact SemanticManifest to C:\Users\Arun\OneDrive\Desktop\nl2sql-agentic-rag\nl2sql-agentic-rag\dbt_project\target\semantic_manifest.json
[0m13:45:21.647427 [debug] [MainThread]: Wrote artifact OsiDocument to C:\Users\Arun\OneDrive\Desktop\nl2sql-agentic-rag\nl2sql-agentic-rag\dbt_project\target\osi_document.json
[0m13:45:21.675181 [debug] [MainThread]: Sending event: {'category': 'dbt', 'action': 'resource_counts', 'label': 'bf492ed9-a5e7-4c1f-8f7a-0bb3c551ff6b', 'context': [<snowplow_tracker.self_describing_json.SelfDescribingJson object at 0x00000181B5BCFD90>]}
[0m13:45:21.675926 [info ] [MainThread]: Found 3 models, 3 sources, 563 macros
[0m13:45:21.676630 [debug] [MainThread]: Sending event: {'category': 'dbt', 'action': 'runnable_timing', 'label': 'bf492ed9-a5e7-4c1f-8f7a-0bb3c551ff6b', 'context': [<snowplow_tracker.self_describing_json.SelfDescribingJson object at 0x00000181B594C870>]}
[0m13:45:21.679215 [info ] [MainThread]: 
[0m13:45:21.679848 [info ] [MainThread]: Concurrency: 4 threads (target='dev')
[0m13:45:21.680275 [info ] [MainThread]: 
[0m13:45:21.680907 [debug] [MainThread]: Acquiring new snowflake connection 'master'
[0m13:45:21.687717 [debug] [ThreadPool]: Acquiring new snowflake connection 'list_NL2SQL_ANALYTICS'
[0m13:45:21.705783 [debug] [ThreadPool]: Using snowflake connection "list_NL2SQL_ANALYTICS"
[0m13:45:21.706293 [debug] [ThreadPool]: On list_NL2SQL_ANALYTICS: show terse schemas in database NL2SQL_ANALYTICS
    limit 10000
/* {"app": "dbt", "dbt_version": "1.12.5", "profile_name": "nl2sql_analytics", "target_name": "dev", "connection_name": "list_NL2SQL_ANALYTICS"} */
[0m13:45:21.706681 [debug] [ThreadPool]: Opening a new connection, currently in state init
[0m13:45:23.616455 [debug] [ThreadPool]: SQL status: SUCCESS 2 in 1.909 seconds
[0m13:45:23.624775 [debug] [ThreadPool]: Re-using an available connection from the pool (formerly list_NL2SQL_ANALYTICS, now create_NL2SQL_ANALYTICS_STAGING)
[0m13:45:23.627522 [debug] [ThreadPool]: Creating schema "database: "NL2SQL_ANALYTICS"
schema: "STAGING"
"
[0m13:45:23.640660 [debug] [ThreadPool]: Using snowflake connection "create_NL2SQL_ANALYTICS_STAGING"
[0m13:45:23.642046 [debug] [ThreadPool]: On create_NL2SQL_ANALYTICS_STAGING: create schema if not exists NL2SQL_ANALYTICS.STAGING
/* {"app": "dbt", "dbt_version": "1.12.5", "profile_name": "nl2sql_analytics", "target_name": "dev", "connection_name": "create_NL2SQL_ANALYTICS_STAGING"} */
[0m13:45:23.917900 [debug] [ThreadPool]: SQL status: SUCCESS 1 in 0.275 seconds
[0m13:45:23.928272 [debug] [ThreadPool]: Acquiring new snowflake connection 'list_NL2SQL_ANALYTICS_STAGING'
[0m13:45:23.969726 [debug] [ThreadPool]: Using snowflake connection "list_NL2SQL_ANALYTICS_STAGING"
[0m13:45:23.971255 [debug] [ThreadPool]: On list_NL2SQL_ANALYTICS_STAGING: show objects in NL2SQL_ANALYTICS.STAGING
    limit 10000
    

/* {"app": "dbt", "dbt_version": "1.12.5", "profile_name": "nl2sql_analytics", "target_name": "dev", "connection_name": "list_NL2SQL_ANALYTICS_STAGING"} */;
[0m13:45:23.973813 [debug] [ThreadPool]: Opening a new connection, currently in state init
[0m13:45:24.701850 [debug] [ThreadPool]: SQL status: SUCCESS 0 in 0.728 seconds
[0m13:45:24.718106 [debug] [ThreadPool]: Using snowflake connection "list_NL2SQL_ANALYTICS_STAGING"
[0m13:45:24.719413 [debug] [ThreadPool]: On list_NL2SQL_ANALYTICS_STAGING: show user functions in NL2SQL_ANALYTICS.STAGING
/* {"app": "dbt", "dbt_version": "1.12.5", "profile_name": "nl2sql_analytics", "target_name": "dev", "connection_name": "list_NL2SQL_ANALYTICS_STAGING"} */
[0m13:45:24.849608 [debug] [ThreadPool]: SQL status: SUCCESS 0 in 0.129 seconds
[0m13:45:24.855327 [debug] [MainThread]: Sending event: {'category': 'dbt', 'action': 'runnable_timing', 'label': 'bf492ed9-a5e7-4c1f-8f7a-0bb3c551ff6b', 'context': [<snowplow_tracker.self_describing_json.SelfDescribingJson object at 0x00000181B6D64AD0>]}
[0m13:45:24.991835 [debug] [Thread-3 (]: Began running node model.nl2sql_analytics.stg_eval_runs
[0m13:45:24.994675 [debug] [Thread-2 (]: Began running node model.nl2sql_analytics.stg_eval_results
[0m13:45:24.993483 [info ] [Thread-3 (]: 2 of 3 START sql view model STAGING.stg_eval_runs .............................. [RUN]
[0m13:45:24.996284 [debug] [Thread-4 (]: Began running node model.nl2sql_analytics.stg_query_history
[0m13:45:24.998347 [info ] [Thread-2 (]: 1 of 3 START sql view model STAGING.stg_eval_results ........................... [RUN]
[0m13:45:25.000710 [debug] [Thread-3 (]: Acquiring new snowflake connection 'model.nl2sql_analytics.stg_eval_runs'
[0m13:45:25.008084 [debug] [Thread-3 (]: Began compiling node model.nl2sql_analytics.stg_eval_runs
[0m13:45:25.004772 [debug] [Thread-2 (]: Acquiring new snowflake connection 'model.nl2sql_analytics.stg_eval_results'
[0m13:45:25.002475 [info ] [Thread-4 (]: 3 of 3 START sql view model STAGING.stg_query_history .......................... [RUN]
[0m13:45:25.024074 [debug] [Thread-2 (]: Began compiling node model.nl2sql_analytics.stg_eval_results
[0m13:45:25.034165 [debug] [Thread-3 (]: Writing injected SQL for node "model.nl2sql_analytics.stg_eval_runs"
[0m13:45:25.035948 [debug] [Thread-4 (]: Acquiring new snowflake connection 'model.nl2sql_analytics.stg_query_history'
[0m13:45:25.041376 [debug] [Thread-2 (]: Writing injected SQL for node "model.nl2sql_analytics.stg_eval_results"
[0m13:45:25.043567 [debug] [Thread-4 (]: Began compiling node model.nl2sql_analytics.stg_query_history
[0m13:45:25.049413 [debug] [Thread-4 (]: Writing injected SQL for node "model.nl2sql_analytics.stg_query_history"
[0m13:45:25.058954 [debug] [Thread-3 (]: Began executing node model.nl2sql_analytics.stg_eval_runs
[0m13:45:25.067844 [debug] [Thread-2 (]: Began executing node model.nl2sql_analytics.stg_eval_results
[0m13:45:25.082666 [debug] [Thread-4 (]: Began executing node model.nl2sql_analytics.stg_query_history
[0m13:45:25.253848 [debug] [Thread-3 (]: Writing runtime sql for node "model.nl2sql_analytics.stg_eval_runs"
[0m13:45:25.263252 [debug] [Thread-2 (]: Writing runtime sql for node "model.nl2sql_analytics.stg_eval_results"
[0m13:45:25.269880 [debug] [Thread-4 (]: Writing runtime sql for node "model.nl2sql_analytics.stg_query_history"
[0m13:45:25.284058 [debug] [Thread-2 (]: Using snowflake connection "model.nl2sql_analytics.stg_eval_results"
[0m13:45:25.285461 [debug] [Thread-2 (]: On model.nl2sql_analytics.stg_eval_results: create or replace   view NL2SQL_ANALYTICS.STAGING.stg_eval_results
  
  
  
  
  as (
    -- Thin pass-through over RAW.EVAL_RESULTS. One row per benchmark question.
--
-- Note `correct` is a real boolean here because eval/load_to_snowflake.py
-- converts the CSV's "True"/"False" text before loading. Downstream models can
-- therefore aggregate it directly rather than comparing against strings.

with source as (

    select * from NL2SQL_ANALYTICS.RAW.eval_results

),

casted as (

    select
        cast(result_id            as number)       as result_id,
        cast(run_id               as varchar(36))  as run_id,
        cast(question_id          as number)       as question_id,
        cast(db_id                as varchar(50))  as db_id,

        cast(question             as varchar)      as question,
        cast(evidence             as varchar)      as evidence,
        cast(gold_sql             as varchar)      as gold_sql,
        cast(predicted_sql        as varchar)      as predicted_sql,

        cast(correct              as boolean)      as correct,
        cast(difficulty           as varchar(20))  as difficulty,
        cast(retries              as number)       as retries,

        cast(error_classes_hit    as varchar)      as error_classes_hit,
        cast(fatal_error          as varchar)      as fatal_error,
        cast(schema_context_chars as number)       as schema_context_chars,
        cast(seconds              as float)        as seconds

    from source

)

select * from casted
  )
/* {"app": "dbt", "dbt_version": "1.12.5", "profile_name": "nl2sql_analytics", "target_name": "dev", "node_id": "model.nl2sql_analytics.stg_eval_results"} */;
[0m13:45:25.287622 [debug] [Thread-3 (]: Using snowflake connection "model.nl2sql_analytics.stg_eval_runs"
[0m13:45:25.289130 [debug] [Thread-2 (]: Opening a new connection, currently in state init
[0m13:45:25.290592 [debug] [Thread-3 (]: On model.nl2sql_analytics.stg_eval_runs: create or replace   view NL2SQL_ANALYTICS.STAGING.stg_eval_runs
  
  
  
  
  as (
    -- Thin pass-through over RAW.EVAL_RUNS. No filtering, no joins, no business
-- logic -- the only job here is to pin down types so downstream models can
-- rely on them instead of re-deriving them.

with source as (

    select * from NL2SQL_ANALYTICS.RAW.eval_runs

),

casted as (

    select
        cast(run_id                      as varchar(36))   as run_id,
        cast(run_timestamp               as timestamp_ntz) as run_timestamp,
        cast(config_label                as varchar(100))  as config_label,
        cast(include_evidence_in_prompts as boolean)       as include_evidence_in_prompts,

        cast(planner_provider            as varchar(50))   as planner_provider,
        cast(planner_model               as varchar(100))  as planner_model,
        cast(generator_provider          as varchar(50))   as generator_provider,
        cast(generator_model             as varchar(100))  as generator_model,
        cast(classifier_provider         as varchar(50))   as classifier_provider,
        cast(classifier_model            as varchar(100))  as classifier_model,

        cast(total_questions             as number)        as total_questions,
        cast(source_file_hash            as varchar(64))   as source_file_hash

    from source

)

select * from casted
  )
/* {"app": "dbt", "dbt_version": "1.12.5", "profile_name": "nl2sql_analytics", "target_name": "dev", "node_id": "model.nl2sql_analytics.stg_eval_runs"} */;
[0m13:45:25.293883 [debug] [Thread-4 (]: Using snowflake connection "model.nl2sql_analytics.stg_query_history"
[0m13:45:25.295492 [debug] [Thread-3 (]: Opening a new connection, currently in state init
[0m13:45:25.296911 [debug] [Thread-4 (]: On model.nl2sql_analytics.stg_query_history: create or replace   view NL2SQL_ANALYTICS.STAGING.stg_query_history
  
  
  
  
  as (
    -- Thin pass-through over RAW.QUERY_HISTORY. One row per live agent invocation
-- logged by the MCP server.
--
-- Unlike the eval_* tables this is append-only telemetry with no run_id, so it
-- cannot be joined to a benchmark run. It answers "what is actually being
-- asked in production", not "how did configuration X score".

with source as (

    select * from NL2SQL_ANALYTICS.RAW.query_history

),

casted as (

    select
        cast(history_id    as number)        as history_id,
        cast(invoked_at    as timestamp_ntz) as invoked_at,
        cast(db_id         as varchar(50))   as db_id,
        cast(question      as varchar)       as question,
        cast(sql_generated as varchar)       as sql_generated,
        cast(success       as boolean)       as success,
        cast(retries       as number)        as retries,
        cast(source        as varchar(20))   as source

    from source

)

select * from casted
  )
/* {"app": "dbt", "dbt_version": "1.12.5", "profile_name": "nl2sql_analytics", "target_name": "dev", "node_id": "model.nl2sql_analytics.stg_query_history"} */;
[0m13:45:25.395435 [debug] [Thread-4 (]: Opening a new connection, currently in state init
[0m13:45:26.269662 [debug] [Thread-2 (]: SQL status: SUCCESS 1 in 0.981 seconds
[0m13:45:26.270621 [debug] [Thread-4 (]: SQL status: SUCCESS 1 in 0.876 seconds
[0m13:45:26.306213 [debug] [Thread-3 (]: SQL status: SUCCESS 1 in 1.011 seconds
[0m13:45:26.319685 [debug] [Thread-4 (]: Sending event: {'category': 'dbt', 'action': 'run_model', 'label': 'bf492ed9-a5e7-4c1f-8f7a-0bb3c551ff6b', 'context': [<snowplow_tracker.self_describing_json.SelfDescribingJson object at 0x00000181B725FCD0>]}
[0m13:45:26.320249 [debug] [Thread-2 (]: Sending event: {'category': 'dbt', 'action': 'run_model', 'label': 'bf492ed9-a5e7-4c1f-8f7a-0bb3c551ff6b', 'context': [<snowplow_tracker.self_describing_json.SelfDescribingJson object at 0x00000181B5A7AAD0>]}
[0m13:45:26.321094 [info ] [Thread-4 (]: 3 of 3 OK created sql view model STAGING.stg_query_history ..................... [[32mSUCCESS 1[0m in 1.27s]
[0m13:45:26.321646 [debug] [Thread-3 (]: Sending event: {'category': 'dbt', 'action': 'run_model', 'label': 'bf492ed9-a5e7-4c1f-8f7a-0bb3c551ff6b', 'context': [<snowplow_tracker.self_describing_json.SelfDescribingJson object at 0x00000181B73283B0>]}
[0m13:45:26.322511 [info ] [Thread-2 (]: 1 of 3 OK created sql view model STAGING.stg_eval_results ...................... [[32mSUCCESS 1[0m in 1.30s]
[0m13:45:26.323338 [debug] [Thread-4 (]: Finished running node model.nl2sql_analytics.stg_query_history
[0m13:45:26.324037 [info ] [Thread-3 (]: 2 of 3 OK created sql view model STAGING.stg_eval_runs ......................... [[32mSUCCESS 1[0m in 1.31s]
[0m13:45:26.324764 [debug] [Thread-2 (]: Finished running node model.nl2sql_analytics.stg_eval_results
[0m13:45:26.325579 [debug] [Thread-3 (]: Finished running node model.nl2sql_analytics.stg_eval_runs
[0m13:45:26.327775 [debug] [MainThread]: Connection 'master' was properly closed.
[0m13:45:26.328238 [debug] [MainThread]: Connection 'create_NL2SQL_ANALYTICS_STAGING' was left open.
[0m13:45:26.328616 [debug] [MainThread]: On create_NL2SQL_ANALYTICS_STAGING: Close
[0m13:45:26.460735 [debug] [MainThread]: Connection 'list_NL2SQL_ANALYTICS_STAGING' was left open.
[0m13:45:26.461280 [debug] [MainThread]: On list_NL2SQL_ANALYTICS_STAGING: Close
[0m13:45:26.588169 [debug] [MainThread]: Connection 'model.nl2sql_analytics.stg_eval_runs' was left open.
[0m13:45:26.589038 [debug] [MainThread]: On model.nl2sql_analytics.stg_eval_runs: Close
[0m13:45:26.700502 [debug] [MainThread]: Connection 'model.nl2sql_analytics.stg_eval_results' was left open.
[0m13:45:26.701800 [debug] [MainThread]: On model.nl2sql_analytics.stg_eval_results: Close
[0m13:45:26.838207 [debug] [MainThread]: Connection 'model.nl2sql_analytics.stg_query_history' was left open.
[0m13:45:26.839214 [debug] [MainThread]: On model.nl2sql_analytics.stg_query_history: Close
[0m13:45:26.976427 [info ] [MainThread]: 
[0m13:45:26.977087 [info ] [MainThread]: Finished running 3 view models in 0 hours 0 minutes and 5.30 seconds (5.30s).
[0m13:45:26.978508 [debug] [MainThread]: Command end result
[0m13:45:27.132454 [debug] [MainThread]: Wrote artifact WritableManifest to C:\Users\Arun\OneDrive\Desktop\nl2sql-agentic-rag\nl2sql-agentic-rag\dbt_project\target\manifest.json
[0m13:45:27.138760 [debug] [MainThread]: Wrote artifact SemanticManifest to C:\Users\Arun\OneDrive\Desktop\nl2sql-agentic-rag\nl2sql-agentic-rag\dbt_project\target\semantic_manifest.json
[0m13:45:27.144945 [debug] [MainThread]: Wrote artifact OsiDocument to C:\Users\Arun\OneDrive\Desktop\nl2sql-agentic-rag\nl2sql-agentic-rag\dbt_project\target\osi_document.json
[0m13:45:27.155250 [debug] [MainThread]: Wrote artifact RunExecutionResult to C:\Users\Arun\OneDrive\Desktop\nl2sql-agentic-rag\nl2sql-agentic-rag\dbt_project\target\run_results.json
[0m13:45:27.155808 [info ] [MainThread]: 
[0m13:45:27.156323 [info ] [MainThread]: [32mCompleted successfully[0m
[0m13:45:27.156653 [info ] [MainThread]: 
[0m13:45:27.156991 [info ] [MainThread]: Done. PASS=3 WARN=0 ERROR=0 SKIP=0 NO-OP=0 REUSED=0 TOTAL=3
[0m13:45:27.157989 [debug] [MainThread]: Command `dbt run` succeeded at 13:45:27.157872 after 14.99 seconds
[0m13:45:27.158365 [debug] [MainThread]: Sending event: {'category': 'dbt', 'action': 'invocation', 'label': 'end', 'context': [<snowplow_tracker.self_describing_json.SelfDescribingJson object at 0x00000181B5A502F0>, <snowplow_tracker.self_describing_json.SelfDescribingJson object at 0x00000181B5A12F20>, <snowplow_tracker.self_describing_json.SelfDescribingJson object at 0x00000181A364BEF0>]}
[0m13:45:27.158723 [debug] [MainThread]: Flushing usage events
[0m13:45:27.721627 [debug] [MainThread]: An error was encountered while trying to flush usage events
[0m13:45:47.786412 [debug] [MainThread]: Sending event: {'category': 'dbt', 'action': 'invocation', 'label': 'start', 'context': [<snowplow_tracker.self_describing_json.SelfDescribingJson object at 0x0000012F685A1D30>, <snowplow_tracker.self_describing_json.SelfDescribingJson object at 0x0000012F65535090>, <snowplow_tracker.self_describing_json.SelfDescribingJson object at 0x0000012F6AB83ED0>]}


============================== 13:45:47.794086 | 1589e065-8670-440a-bc23-4cb206390194 ==============================
[0m13:45:47.794086 [info ] [MainThread]: Running with dbt=1.12.5
[0m13:45:47.794865 [debug] [MainThread]: running dbt with arguments {'maximum_seed_size_mib': '1', 'no_print': 'None', 'static_parser': 'True', 'target_path': 'None', 'version_check': 'True', 'warn_error_options': 'WarnErrorOptionsV2(error=[], warn=[], silence=[])', 'printer_width': '80', 'write_json': 'True', 'empty': 'None', 'log_cache_events': 'False', 'introspect': 'True', 'cache_selected_only': 'False', 'fail_fast': 'False', 'debug': 'False', 'log_format': 'default', 'profiles_dir': 'C:\\Users\\Arun\\.dbt', 'send_anonymous_usage_stats': 'True', 'quiet': 'False', 'warn_error': 'None', 'partial_parse': 'True', 'invocation_command': "dbt show --inline select 'stg_eval_runs' as model, count(*) as rows from {{ ref('stg_eval_runs') }} union all select 'stg_eval_results', count(*) from {{ ref('stg_eval_results') }} union all select 'stg_query_history', count(*) from {{ ref('stg_query_history') }}", 'hints_enabled': 'True', 'use_colors': 'True', 'use_experimental_parser': 'False', 'indirect_selection': 'eager', 'log_path': 'C:\\Users\\Arun\\OneDrive\\Desktop\\nl2sql-agentic-rag\\nl2sql-agentic-rag\\dbt_project\\logs'}
[0m13:45:50.176657 [debug] [MainThread]: Snowflake adapter: Setting snowflake.connector to ERROR (file logging only)
[0m13:45:50.178500 [debug] [MainThread]: Snowflake adapter: Setting botocore to ERROR (file logging only)
[0m13:45:50.179181 [debug] [MainThread]: Snowflake adapter: Setting boto3 to ERROR (file logging only)
[0m13:45:51.024951 [debug] [MainThread]: Sending event: {'category': 'dbt', 'action': 'project_id', 'label': '1589e065-8670-440a-bc23-4cb206390194', 'context': [<snowplow_tracker.self_describing_json.SelfDescribingJson object at 0x0000012F68AB7230>]}
[0m13:45:51.245027 [debug] [MainThread]: Sending event: {'category': 'dbt', 'action': 'adapter_info', 'label': '1589e065-8670-440a-bc23-4cb206390194', 'context': [<snowplow_tracker.self_describing_json.SelfDescribingJson object at 0x0000012F6ABB9F20>]}
[0m13:45:51.289092 [info ] [MainThread]: Registered adapter: snowflake=1.12.1
[0m13:45:52.060018 [debug] [MainThread]: checksum: 7cb6fbc234c85391064f5eab34df2c59dc8405dacac8927df8c69f1cba9e8d16, vars: {}, profile: nl2sql_analytics, target: dev, version: 1.12.5
[0m13:45:52.302230 [debug] [MainThread]: Partial parsing enabled: 0 files deleted, 0 files added, 0 files changed.
[0m13:45:52.302760 [debug] [MainThread]: Nothing changed, skipping partial parsing.
[0m13:45:52.303117 [debug] [MainThread]: Partial parsing enabled, no changes found, skipping parsing
[0m13:45:52.309725 [warn ] [MainThread]: [[33mWARNING[0m]: Configuration paths exist in your dbt_project.yml file which do not apply to any resources.
There are 2 unused configuration paths:
- models.nl2sql_analytics.intermediate
- models.nl2sql_analytics.marts
[0m13:45:52.315910 [debug] [MainThread]: Sending event: {'category': 'dbt', 'action': 'load_project', 'label': '1589e065-8670-440a-bc23-4cb206390194', 'context': [<snowplow_tracker.self_describing_json.SelfDescribingJson object at 0x0000012F7DCC9150>]}
[0m13:45:52.482771 [debug] [MainThread]: Wrote artifact WritableManifest to C:\Users\Arun\OneDrive\Desktop\nl2sql-agentic-rag\nl2sql-agentic-rag\dbt_project\target\manifest.json
[0m13:45:52.488481 [debug] [MainThread]: Wrote artifact SemanticManifest to C:\Users\Arun\OneDrive\Desktop\nl2sql-agentic-rag\nl2sql-agentic-rag\dbt_project\target\semantic_manifest.json
[0m13:45:52.542344 [debug] [MainThread]: Wrote artifact OsiDocument to C:\Users\Arun\OneDrive\Desktop\nl2sql-agentic-rag\nl2sql-agentic-rag\dbt_project\target\osi_document.json
[0m13:45:52.856700 [debug] [MainThread]: Sending event: {'category': 'dbt', 'action': 'resource_counts', 'label': '1589e065-8670-440a-bc23-4cb206390194', 'context': [<snowplow_tracker.self_describing_json.SelfDescribingJson object at 0x0000012F7DD07A70>]}
[0m13:45:52.858072 [info ] [MainThread]: Found 3 models, 1 sql operation, 3 sources, 563 macros
[0m13:45:52.884805 [debug] [MainThread]: Sending event: {'category': 'dbt', 'action': 'runnable_timing', 'label': '1589e065-8670-440a-bc23-4cb206390194', 'context': [<snowplow_tracker.self_describing_json.SelfDescribingJson object at 0x0000012F7DEE4750>]}
[0m13:45:52.890454 [info ] [MainThread]: 
[0m13:45:52.891681 [info ] [MainThread]: Concurrency: 4 threads (target='dev')
[0m13:45:52.892585 [info ] [MainThread]: 
[0m13:45:52.893992 [debug] [MainThread]: Acquiring new snowflake connection 'master'
[0m13:45:52.917326 [debug] [ThreadPool]: Acquiring new snowflake connection 'list_NL2SQL_ANALYTICS_STAGING'
[0m13:45:52.956533 [debug] [ThreadPool]: Using snowflake connection "list_NL2SQL_ANALYTICS_STAGING"
[0m13:45:52.957095 [debug] [ThreadPool]: On list_NL2SQL_ANALYTICS_STAGING: show objects in NL2SQL_ANALYTICS.STAGING
    limit 10000
    

/* {"app": "dbt", "dbt_version": "1.12.5", "profile_name": "nl2sql_analytics", "target_name": "dev", "connection_name": "list_NL2SQL_ANALYTICS_STAGING"} */;
[0m13:45:52.957517 [debug] [ThreadPool]: Opening a new connection, currently in state init
[0m13:45:54.124908 [debug] [ThreadPool]: SQL status: SUCCESS 3 in 1.167 seconds
[0m13:45:54.133091 [debug] [ThreadPool]: Using snowflake connection "list_NL2SQL_ANALYTICS_STAGING"
[0m13:45:54.133933 [debug] [ThreadPool]: On list_NL2SQL_ANALYTICS_STAGING: show user functions in NL2SQL_ANALYTICS.STAGING
/* {"app": "dbt", "dbt_version": "1.12.5", "profile_name": "nl2sql_analytics", "target_name": "dev", "connection_name": "list_NL2SQL_ANALYTICS_STAGING"} */
[0m13:45:54.251904 [debug] [ThreadPool]: SQL status: SUCCESS 0 in 0.117 seconds
[0m13:45:54.255460 [debug] [MainThread]: Sending event: {'category': 'dbt', 'action': 'runnable_timing', 'label': '1589e065-8670-440a-bc23-4cb206390194', 'context': [<snowplow_tracker.self_describing_json.SelfDescribingJson object at 0x0000012F7DF0C120>]}
[0m13:45:54.262606 [debug] [Thread-2 (]: Began running node sql_operation.nl2sql_analytics.inline_query
[0m13:45:54.263552 [debug] [Thread-2 (]: Acquiring new snowflake connection 'sql_operation.nl2sql_analytics.inline_query'
[0m13:45:54.264054 [debug] [Thread-2 (]: Began compiling node sql_operation.nl2sql_analytics.inline_query
[0m13:45:54.276551 [debug] [Thread-2 (]: Writing injected SQL for node "sql_operation.nl2sql_analytics.inline_query"
[0m13:45:54.279767 [debug] [Thread-2 (]: Began executing node sql_operation.nl2sql_analytics.inline_query
[0m13:45:54.292320 [debug] [Thread-2 (]: Using snowflake connection "sql_operation.nl2sql_analytics.inline_query"
[0m13:45:54.292946 [debug] [Thread-2 (]: On sql_operation.nl2sql_analytics.inline_query: select 'stg_eval_runs' as model, count(*) as rows from NL2SQL_ANALYTICS.STAGING.stg_eval_runs union all select 'stg_eval_results', count(*) from NL2SQL_ANALYTICS.STAGING.stg_eval_results union all select 'stg_query_history', count(*) from NL2SQL_ANALYTICS.STAGING.stg_query_history
  
  limit 5
/* {"app": "dbt", "dbt_version": "1.12.5", "profile_name": "nl2sql_analytics", "target_name": "dev", "node_id": "sql_operation.nl2sql_analytics.inline_query"} */
[0m13:45:54.293422 [debug] [Thread-2 (]: Opening a new connection, currently in state init
[0m13:45:54.746035 [debug] [Thread-2 (]: Snowflake adapter: Snowflake query id: 01c73949-0203-2e8a-001c-a6cb004e111e
[0m13:45:54.746573 [debug] [Thread-2 (]: Snowflake adapter: Snowflake error: 001003 (42000): SQL compilation error:
syntax error line 1 at position 45 unexpected 'rows'.
[0m13:45:54.766427 [debug] [Thread-2 (]: Database Error in sql_operation inline_query (from remote system.sql)
  001003 (42000): SQL compilation error:
  syntax error line 1 at position 45 unexpected 'rows'.
[0m13:45:54.767543 [debug] [Thread-2 (]: Finished running node sql_operation.nl2sql_analytics.inline_query
[0m13:45:54.768497 [debug] [Thread-8 (]: Marking all children of 'sql_operation.nl2sql_analytics.inline_query' to be skipped because of status 'error'.  Reason: Database Error in sql_operation inline_query (from remote system.sql)
  001003 (42000): SQL compilation error:
  syntax error line 1 at position 45 unexpected 'rows'..
[0m13:45:54.769826 [debug] [MainThread]: Connection 'master' was properly closed.
[0m13:45:54.770256 [debug] [MainThread]: Connection 'list_NL2SQL_ANALYTICS_STAGING' was left open.
[0m13:45:54.770651 [debug] [MainThread]: On list_NL2SQL_ANALYTICS_STAGING: Close
[0m13:45:54.879805 [debug] [MainThread]: Connection 'sql_operation.nl2sql_analytics.inline_query' was left open.
[0m13:45:54.880544 [debug] [MainThread]: On sql_operation.nl2sql_analytics.inline_query: Close
[0m13:45:54.990091 [error] [MainThread]: [[31mERROR[0m]: Encountered an error:
Runtime Error
  Database Error in sql_operation inline_query (from remote system.sql)
    001003 (42000): SQL compilation error:
    syntax error line 1 at position 45 unexpected 'rows'.
[0m13:45:54.991308 [debug] [MainThread]: Command `dbt show` failed at 13:45:54.991181 after 7.51 seconds
[0m13:45:54.991751 [debug] [MainThread]: Sending event: {'category': 'dbt', 'action': 'invocation', 'label': 'end', 'context': [<snowplow_tracker.self_describing_json.SelfDescribingJson object at 0x0000012F6ACB4110>, <snowplow_tracker.self_describing_json.SelfDescribingJson object at 0x0000012F7E411FF0>, <snowplow_tracker.self_describing_json.SelfDescribingJson object at 0x0000012F7E411A70>]}
[0m13:45:54.992181 [debug] [MainThread]: Flushing usage events
[0m13:45:55.586292 [debug] [MainThread]: An error was encountered while trying to flush usage events
[0m13:46:07.590312 [debug] [MainThread]: Sending event: {'category': 'dbt', 'action': 'invocation', 'label': 'start', 'context': [<snowplow_tracker.self_describing_json.SelfDescribingJson object at 0x000002474F741D30>, <snowplow_tracker.self_describing_json.SelfDescribingJson object at 0x000002474C6A5090>, <snowplow_tracker.self_describing_json.SelfDescribingJson object at 0x0000024751D23C50>]}


============================== 13:46:07.595467 | 36c25126-06d3-41e1-9655-0edfb5848ac9 ==============================
[0m13:46:07.595467 [info ] [MainThread]: Running with dbt=1.12.5
[0m13:46:07.596110 [debug] [MainThread]: running dbt with arguments {'static_parser': 'True', 'no_print': 'None', 'maximum_seed_size_mib': '1', 'target_path': 'None', 'warn_error_options': 'WarnErrorOptionsV2(error=[], warn=[], silence=[])', 'version_check': 'True', 'printer_width': '80', 'write_json': 'True', 'empty': 'None', 'log_cache_events': 'False', 'introspect': 'True', 'cache_selected_only': 'False', 'log_format': 'default', 'debug': 'False', 'fail_fast': 'False', 'profiles_dir': 'C:\\Users\\Arun\\.dbt', 'send_anonymous_usage_stats': 'True', 'quiet': 'False', 'warn_error': 'None', 'partial_parse': 'True', 'indirect_selection': 'eager', 'hints_enabled': 'True', 'invocation_command': "dbt show --inline select 'stg_eval_runs' as model_name, count(*) as n from {{ ref('stg_eval_runs') }} union all select 'stg_eval_results', count(*) from {{ ref('stg_eval_results') }} union all select 'stg_query_history', count(*) from {{ ref('stg_query_history') }}", 'use_experimental_parser': 'False', 'use_colors': 'True', 'log_path': 'C:\\Users\\Arun\\OneDrive\\Desktop\\nl2sql-agentic-rag\\nl2sql-agentic-rag\\dbt_project\\logs'}
[0m13:46:08.870039 [debug] [MainThread]: Snowflake adapter: Setting snowflake.connector to ERROR (file logging only)
[0m13:46:08.870697 [debug] [MainThread]: Snowflake adapter: Setting botocore to ERROR (file logging only)
[0m13:46:08.871165 [debug] [MainThread]: Snowflake adapter: Setting boto3 to ERROR (file logging only)
[0m13:46:09.385700 [debug] [MainThread]: Sending event: {'category': 'dbt', 'action': 'project_id', 'label': '36c25126-06d3-41e1-9655-0edfb5848ac9', 'context': [<snowplow_tracker.self_describing_json.SelfDescribingJson object at 0x000002474FC57230>]}
[0m13:46:09.517173 [debug] [MainThread]: Sending event: {'category': 'dbt', 'action': 'adapter_info', 'label': '36c25126-06d3-41e1-9655-0edfb5848ac9', 'context': [<snowplow_tracker.self_describing_json.SelfDescribingJson object at 0x0000024751D59F20>]}
[0m13:46:09.541451 [info ] [MainThread]: Registered adapter: snowflake=1.12.1
[0m13:46:10.211236 [debug] [MainThread]: checksum: 7cb6fbc234c85391064f5eab34df2c59dc8405dacac8927df8c69f1cba9e8d16, vars: {}, profile: nl2sql_analytics, target: dev, version: 1.12.5
[0m13:46:10.422158 [debug] [MainThread]: Partial parsing enabled: 0 files deleted, 0 files added, 0 files changed.
[0m13:46:10.422680 [debug] [MainThread]: Nothing changed, skipping partial parsing.
[0m13:46:10.423051 [debug] [MainThread]: Partial parsing enabled, no changes found, skipping parsing
[0m13:46:10.430165 [warn ] [MainThread]: [[33mWARNING[0m]: Configuration paths exist in your dbt_project.yml file which do not apply to any resources.
There are 2 unused configuration paths:
- models.nl2sql_analytics.intermediate
- models.nl2sql_analytics.marts
[0m13:46:10.435938 [debug] [MainThread]: Sending event: {'category': 'dbt', 'action': 'load_project', 'label': '36c25126-06d3-41e1-9655-0edfb5848ac9', 'context': [<snowplow_tracker.self_describing_json.SelfDescribingJson object at 0x0000024763E79150>]}
[0m13:46:10.604634 [debug] [MainThread]: Wrote artifact WritableManifest to C:\Users\Arun\OneDrive\Desktop\nl2sql-agentic-rag\nl2sql-agentic-rag\dbt_project\target\manifest.json
[0m13:46:10.609363 [debug] [MainThread]: Wrote artifact SemanticManifest to C:\Users\Arun\OneDrive\Desktop\nl2sql-agentic-rag\nl2sql-agentic-rag\dbt_project\target\semantic_manifest.json
[0m13:46:10.653186 [debug] [MainThread]: Wrote artifact OsiDocument to C:\Users\Arun\OneDrive\Desktop\nl2sql-agentic-rag\nl2sql-agentic-rag\dbt_project\target\osi_document.json
[0m13:46:10.936912 [debug] [MainThread]: Sending event: {'category': 'dbt', 'action': 'resource_counts', 'label': '36c25126-06d3-41e1-9655-0edfb5848ac9', 'context': [<snowplow_tracker.self_describing_json.SelfDescribingJson object at 0x0000024763EB7A70>]}
[0m13:46:10.937654 [info ] [MainThread]: Found 3 models, 1 sql operation, 3 sources, 563 macros
[0m13:46:10.938234 [debug] [MainThread]: Sending event: {'category': 'dbt', 'action': 'runnable_timing', 'label': '36c25126-06d3-41e1-9655-0edfb5848ac9', 'context': [<snowplow_tracker.self_describing_json.SelfDescribingJson object at 0x0000024765054750>]}
[0m13:46:10.940656 [info ] [MainThread]: 
[0m13:46:10.941261 [info ] [MainThread]: Concurrency: 4 threads (target='dev')
[0m13:46:10.941729 [info ] [MainThread]: 
[0m13:46:10.942581 [debug] [MainThread]: Acquiring new snowflake connection 'master'
[0m13:46:10.949129 [debug] [ThreadPool]: Acquiring new snowflake connection 'list_NL2SQL_ANALYTICS_STAGING'
[0m13:46:10.978143 [debug] [ThreadPool]: Using snowflake connection "list_NL2SQL_ANALYTICS_STAGING"
[0m13:46:10.978719 [debug] [ThreadPool]: On list_NL2SQL_ANALYTICS_STAGING: show objects in NL2SQL_ANALYTICS.STAGING
    limit 10000
    

/* {"app": "dbt", "dbt_version": "1.12.5", "profile_name": "nl2sql_analytics", "target_name": "dev", "connection_name": "list_NL2SQL_ANALYTICS_STAGING"} */;
[0m13:46:10.979152 [debug] [ThreadPool]: Opening a new connection, currently in state init
[0m13:46:12.041854 [debug] [ThreadPool]: SQL status: SUCCESS 3 in 1.063 seconds
[0m13:46:12.049311 [debug] [ThreadPool]: Using snowflake connection "list_NL2SQL_ANALYTICS_STAGING"
[0m13:46:12.049988 [debug] [ThreadPool]: On list_NL2SQL_ANALYTICS_STAGING: show user functions in NL2SQL_ANALYTICS.STAGING
/* {"app": "dbt", "dbt_version": "1.12.5", "profile_name": "nl2sql_analytics", "target_name": "dev", "connection_name": "list_NL2SQL_ANALYTICS_STAGING"} */
[0m13:46:12.161115 [debug] [ThreadPool]: SQL status: SUCCESS 0 in 0.111 seconds
[0m13:46:12.167013 [debug] [MainThread]: Sending event: {'category': 'dbt', 'action': 'runnable_timing', 'label': '36c25126-06d3-41e1-9655-0edfb5848ac9', 'context': [<snowplow_tracker.self_describing_json.SelfDescribingJson object at 0x000002476508C120>]}
[0m13:46:12.181081 [debug] [Thread-2 (]: Began running node sql_operation.nl2sql_analytics.inline_query
[0m13:46:12.183504 [debug] [Thread-2 (]: Acquiring new snowflake connection 'sql_operation.nl2sql_analytics.inline_query'
[0m13:46:12.184542 [debug] [Thread-2 (]: Began compiling node sql_operation.nl2sql_analytics.inline_query
[0m13:46:12.195429 [debug] [Thread-2 (]: Writing injected SQL for node "sql_operation.nl2sql_analytics.inline_query"
[0m13:46:12.197930 [debug] [Thread-2 (]: Began executing node sql_operation.nl2sql_analytics.inline_query
[0m13:46:12.212467 [debug] [Thread-2 (]: Using snowflake connection "sql_operation.nl2sql_analytics.inline_query"
[0m13:46:12.213136 [debug] [Thread-2 (]: On sql_operation.nl2sql_analytics.inline_query: select 'stg_eval_runs' as model_name, count(*) as n from NL2SQL_ANALYTICS.STAGING.stg_eval_runs union all select 'stg_eval_results', count(*) from NL2SQL_ANALYTICS.STAGING.stg_eval_results union all select 'stg_query_history', count(*) from NL2SQL_ANALYTICS.STAGING.stg_query_history
  
  limit 5
/* {"app": "dbt", "dbt_version": "1.12.5", "profile_name": "nl2sql_analytics", "target_name": "dev", "node_id": "sql_operation.nl2sql_analytics.inline_query"} */
[0m13:46:12.213841 [debug] [Thread-2 (]: Opening a new connection, currently in state init
[0m13:46:13.881519 [debug] [Thread-2 (]: SQL status: SUCCESS 3 in 1.667 seconds
[0m13:46:13.895272 [debug] [Thread-2 (]: Finished running node sql_operation.nl2sql_analytics.inline_query
[0m13:46:13.900688 [debug] [MainThread]: Connection 'master' was properly closed.
[0m13:46:13.901945 [debug] [MainThread]: Connection 'list_NL2SQL_ANALYTICS_STAGING' was left open.
[0m13:46:13.903265 [debug] [MainThread]: On list_NL2SQL_ANALYTICS_STAGING: Close
[0m13:46:14.604690 [debug] [MainThread]: Connection 'sql_operation.nl2sql_analytics.inline_query' was left open.
[0m13:46:14.605627 [debug] [MainThread]: On sql_operation.nl2sql_analytics.inline_query: Close
[0m13:46:14.721996 [debug] [MainThread]: Command end result
[0m13:46:14.837158 [debug] [MainThread]: Wrote artifact WritableManifest to C:\Users\Arun\OneDrive\Desktop\nl2sql-agentic-rag\nl2sql-agentic-rag\dbt_project\target\manifest.json
[0m13:46:14.851743 [debug] [MainThread]: Wrote artifact SemanticManifest to C:\Users\Arun\OneDrive\Desktop\nl2sql-agentic-rag\nl2sql-agentic-rag\dbt_project\target\semantic_manifest.json
[0m13:46:14.867660 [debug] [MainThread]: Wrote artifact OsiDocument to C:\Users\Arun\OneDrive\Desktop\nl2sql-agentic-rag\nl2sql-agentic-rag\dbt_project\target\osi_document.json
[0m13:46:14.894757 [debug] [MainThread]: Wrote artifact RunExecutionResult to C:\Users\Arun\OneDrive\Desktop\nl2sql-agentic-rag\nl2sql-agentic-rag\dbt_project\target\run_results.json
[0m13:46:14.896283 [info ] [MainThread]: Previewing inline node:
| MODEL_NAME        |   N |
| ----------------- | --- |
| stg_eval_runs     |   2 |
| stg_eval_results  | 650 |
| stg_query_history |   2 |

[0m13:46:14.899682 [debug] [MainThread]: Command `dbt show` succeeded at 13:46:14.899186 after 7.55 seconds
[0m13:46:14.901855 [debug] [MainThread]: Sending event: {'category': 'dbt', 'action': 'invocation', 'label': 'end', 'context': [<snowplow_tracker.self_describing_json.SelfDescribingJson object at 0x0000024751E54110>, <snowplow_tracker.self_describing_json.SelfDescribingJson object at 0x0000024763D973E0>, <snowplow_tracker.self_describing_json.SelfDescribingJson object at 0x00000247655962B0>]}
[0m13:46:14.903244 [debug] [MainThread]: Flushing usage events
[0m13:46:15.659088 [debug] [MainThread]: An error was encountered while trying to flush usage events
[0m13:48:45.292460 [debug] [MainThread]: Sending event: {'category': 'dbt', 'action': 'invocation', 'label': 'start', 'context': [<snowplow_tracker.self_describing_json.SelfDescribingJson object at 0x00000197EFF71D30>, <snowplow_tracker.self_describing_json.SelfDescribingJson object at 0x00000197ECEA1090>, <snowplow_tracker.self_describing_json.SelfDescribingJson object at 0x00000197F2553ED0>]}


============================== 13:48:45.301178 | 77f3f8de-fb3f-4e8d-9760-4807b83560f7 ==============================
[0m13:48:45.301178 [info ] [MainThread]: Running with dbt=1.12.5
[0m13:48:45.302728 [debug] [MainThread]: running dbt with arguments {'maximum_seed_size_mib': '1', 'no_print': 'None', 'version_check': 'True', 'warn_error_options': 'WarnErrorOptionsV2(error=[], warn=[], silence=[])', 'target_path': 'None', 'static_parser': 'True', 'printer_width': '80', 'write_json': 'True', 'empty': 'False', 'log_cache_events': 'False', 'introspect': 'True', 'cache_selected_only': 'False', 'log_format': 'default', 'debug': 'False', 'fail_fast': 'False', 'partial_parse': 'True', 'send_anonymous_usage_stats': 'True', 'quiet': 'False', 'warn_error': 'None', 'profiles_dir': 'C:\\Users\\Arun\\.dbt', 'indirect_selection': 'eager', 'hints_enabled': 'True', 'invocation_command': 'dbt build --select staging+', 'use_experimental_parser': 'False', 'use_colors': 'True', 'log_path': 'C:\\Users\\Arun\\OneDrive\\Desktop\\nl2sql-agentic-rag\\nl2sql-agentic-rag\\dbt_project\\logs'}
[0m13:48:47.576705 [debug] [MainThread]: Snowflake adapter: Setting snowflake.connector to ERROR (file logging only)
[0m13:48:47.577280 [debug] [MainThread]: Snowflake adapter: Setting botocore to ERROR (file logging only)
[0m13:48:47.577683 [debug] [MainThread]: Snowflake adapter: Setting boto3 to ERROR (file logging only)
[0m13:48:48.075474 [debug] [MainThread]: Sending event: {'category': 'dbt', 'action': 'project_id', 'label': '77f3f8de-fb3f-4e8d-9760-4807b83560f7', 'context': [<snowplow_tracker.self_describing_json.SelfDescribingJson object at 0x00000197F0487230>]}
[0m13:48:48.185636 [debug] [MainThread]: Sending event: {'category': 'dbt', 'action': 'adapter_info', 'label': '77f3f8de-fb3f-4e8d-9760-4807b83560f7', 'context': [<snowplow_tracker.self_describing_json.SelfDescribingJson object at 0x00000197F2585F20>]}
[0m13:48:48.187815 [info ] [MainThread]: Registered adapter: snowflake=1.12.1
[0m13:48:48.790237 [debug] [MainThread]: checksum: 7cb6fbc234c85391064f5eab34df2c59dc8405dacac8927df8c69f1cba9e8d16, vars: {}, profile: nl2sql_analytics, target: dev, version: 1.12.5
[0m13:48:49.058759 [debug] [MainThread]: Partial parsing enabled: 0 files deleted, 5 files added, 0 files changed.
[0m13:48:49.059446 [debug] [MainThread]: Partial parsing: added file: nl2sql_analytics://models\staging\schema.yml
[0m13:48:49.059855 [debug] [MainThread]: Partial parsing: added file: nl2sql_analytics://models\marts\mart_accuracy_over_time.sql
[0m13:48:49.060210 [debug] [MainThread]: Partial parsing: added file: nl2sql_analytics://models\intermediate\int_eval_results_enriched.sql
[0m13:48:49.060568 [debug] [MainThread]: Partial parsing: added file: nl2sql_analytics://models\marts\mart_accuracy_by_database.sql
[0m13:48:49.060913 [debug] [MainThread]: Partial parsing: added file: nl2sql_analytics://models\marts\mart_accuracy_by_difficulty.sql
[0m13:48:49.980075 [warn ] [MainThread]: [[33mWARNING[0m][MissingArgumentsPropertyInGenericTestDeprecation]: Deprecated
functionality
Found top-level arguments to test `relationships` defined on 'stg_eval_results'
in package 'nl2sql_analytics' (models\staging\schema.yml). Arguments to generic
tests should be nested under the `arguments` property.
[0m13:48:49.980794 [debug] [MainThread]: Sending event: {'category': 'dbt', 'action': 'deprecation', 'label': '77f3f8de-fb3f-4e8d-9760-4807b83560f7', 'property_': 'warn', 'context': [<snowplow_tracker.self_describing_json.SelfDescribingJson object at 0x0000019785E68D50>]}
[0m13:48:50.102495 [debug] [MainThread]: Sending event: {'category': 'dbt', 'action': 'load_project', 'label': '77f3f8de-fb3f-4e8d-9760-4807b83560f7', 'context': [<snowplow_tracker.self_describing_json.SelfDescribingJson object at 0x00000197859A4D70>]}
[0m13:48:50.246694 [debug] [MainThread]: Wrote artifact WritableManifest to C:\Users\Arun\OneDrive\Desktop\nl2sql-agentic-rag\nl2sql-agentic-rag\dbt_project\target\manifest.json
[0m13:48:50.257761 [debug] [MainThread]: Wrote artifact SemanticManifest to C:\Users\Arun\OneDrive\Desktop\nl2sql-agentic-rag\nl2sql-agentic-rag\dbt_project\target\semantic_manifest.json
[0m13:48:50.311109 [debug] [MainThread]: Wrote artifact OsiDocument to C:\Users\Arun\OneDrive\Desktop\nl2sql-agentic-rag\nl2sql-agentic-rag\dbt_project\target\osi_document.json
[0m13:48:50.367502 [debug] [MainThread]: Sending event: {'category': 'dbt', 'action': 'resource_counts', 'label': '77f3f8de-fb3f-4e8d-9760-4807b83560f7', 'context': [<snowplow_tracker.self_describing_json.SelfDescribingJson object at 0x00000197870DE0B0>]}
[0m13:48:50.368807 [info ] [MainThread]: Found 7 models, 8 data tests, 3 sources, 563 macros
[0m13:48:50.372930 [info ] [MainThread]: 
[0m13:48:50.373489 [info ] [MainThread]: Concurrency: 4 threads (target='dev')
[0m13:48:50.373939 [info ] [MainThread]: 
[0m13:48:50.374532 [debug] [MainThread]: Acquiring new snowflake connection 'master'
[0m13:48:50.380202 [debug] [ThreadPool]: Acquiring new snowflake connection 'list_NL2SQL_ANALYTICS'
[0m13:48:50.381828 [debug] [ThreadPool]: Acquiring new snowflake connection 'list_NL2SQL_ANALYTICS'
[0m13:48:50.394939 [debug] [ThreadPool]: Acquiring new snowflake connection 'list_NL2SQL_ANALYTICS'
[0m13:48:50.403713 [debug] [ThreadPool]: Using snowflake connection "list_NL2SQL_ANALYTICS"
[0m13:48:50.404220 [debug] [ThreadPool]: On list_NL2SQL_ANALYTICS: show terse schemas in database NL2SQL_ANALYTICS
    limit 10000
/* {"app": "dbt", "dbt_version": "1.12.5", "profile_name": "nl2sql_analytics", "target_name": "dev", "connection_name": "list_NL2SQL_ANALYTICS"} */
[0m13:48:50.404572 [debug] [ThreadPool]: Opening a new connection, currently in state init
[0m13:48:50.405165 [debug] [ThreadPool]: Using snowflake connection "list_NL2SQL_ANALYTICS"
[0m13:48:50.405626 [debug] [ThreadPool]: On list_NL2SQL_ANALYTICS: show terse schemas in database NL2SQL_ANALYTICS
    limit 10000
/* {"app": "dbt", "dbt_version": "1.12.5", "profile_name": "nl2sql_analytics", "target_name": "dev", "connection_name": "list_NL2SQL_ANALYTICS"} */
[0m13:48:50.405963 [debug] [ThreadPool]: Opening a new connection, currently in state init
[0m13:48:50.406502 [debug] [ThreadPool]: Using snowflake connection "list_NL2SQL_ANALYTICS"
[0m13:48:50.406901 [debug] [ThreadPool]: On list_NL2SQL_ANALYTICS: show terse schemas in database NL2SQL_ANALYTICS
    limit 10000
/* {"app": "dbt", "dbt_version": "1.12.5", "profile_name": "nl2sql_analytics", "target_name": "dev", "connection_name": "list_NL2SQL_ANALYTICS"} */
[0m13:48:50.407245 [debug] [ThreadPool]: Opening a new connection, currently in state init
[0m13:48:51.893130 [debug] [ThreadPool]: SQL status: SUCCESS 3 in 1.487 seconds
[0m13:48:51.893750 [debug] [ThreadPool]: SQL status: SUCCESS 3 in 1.489 seconds
[0m13:48:52.028880 [debug] [ThreadPool]: SQL status: SUCCESS 3 in 1.622 seconds
[0m13:48:52.032187 [debug] [ThreadPool]: Re-using an available connection from the pool (formerly list_NL2SQL_ANALYTICS, now create_NL2SQL_ANALYTICS_INTERMEDIATE)
[0m13:48:52.033208 [debug] [ThreadPool]: Re-using an available connection from the pool (formerly list_NL2SQL_ANALYTICS, now create_NL2SQL_ANALYTICS_MARTS)
[0m13:48:52.034758 [debug] [ThreadPool]: Creating schema "database: "NL2SQL_ANALYTICS"
schema: "INTERMEDIATE"
"
[0m13:48:52.035646 [debug] [ThreadPool]: Creating schema "database: "NL2SQL_ANALYTICS"
schema: "MARTS"
"
[0m13:48:52.040612 [debug] [ThreadPool]: Using snowflake connection "create_NL2SQL_ANALYTICS_INTERMEDIATE"
[0m13:48:52.041997 [debug] [ThreadPool]: Using snowflake connection "create_NL2SQL_ANALYTICS_MARTS"
[0m13:48:52.042422 [debug] [ThreadPool]: On create_NL2SQL_ANALYTICS_INTERMEDIATE: create schema if not exists NL2SQL_ANALYTICS.INTERMEDIATE
/* {"app": "dbt", "dbt_version": "1.12.5", "profile_name": "nl2sql_analytics", "target_name": "dev", "connection_name": "create_NL2SQL_ANALYTICS_INTERMEDIATE"} */
[0m13:48:52.042791 [debug] [ThreadPool]: On create_NL2SQL_ANALYTICS_MARTS: create schema if not exists NL2SQL_ANALYTICS.MARTS
/* {"app": "dbt", "dbt_version": "1.12.5", "profile_name": "nl2sql_analytics", "target_name": "dev", "connection_name": "create_NL2SQL_ANALYTICS_MARTS"} */
[0m13:48:52.254060 [debug] [ThreadPool]: SQL status: SUCCESS 1 in 0.210 seconds
[0m13:48:52.255418 [debug] [ThreadPool]: SQL status: SUCCESS 1 in 0.212 seconds
[0m13:48:52.261115 [debug] [ThreadPool]: Acquiring new snowflake connection 'list_NL2SQL_ANALYTICS_STAGING'
[0m13:48:52.266253 [debug] [ThreadPool]: Acquiring new snowflake connection 'list_NL2SQL_ANALYTICS_INTERMEDIATE'
[0m13:48:52.277563 [debug] [ThreadPool]: Using snowflake connection "list_NL2SQL_ANALYTICS_STAGING"
[0m13:48:52.279185 [debug] [ThreadPool]: Using snowflake connection "list_NL2SQL_ANALYTICS_INTERMEDIATE"
[0m13:48:52.279785 [debug] [ThreadPool]: Acquiring new snowflake connection 'list_NL2SQL_ANALYTICS_MARTS'
[0m13:48:52.280664 [debug] [ThreadPool]: On list_NL2SQL_ANALYTICS_STAGING: show objects in NL2SQL_ANALYTICS.STAGING
    limit 10000
    

/* {"app": "dbt", "dbt_version": "1.12.5", "profile_name": "nl2sql_analytics", "target_name": "dev", "connection_name": "list_NL2SQL_ANALYTICS_STAGING"} */;
[0m13:48:52.281551 [debug] [ThreadPool]: On list_NL2SQL_ANALYTICS_INTERMEDIATE: show objects in NL2SQL_ANALYTICS.INTERMEDIATE
    limit 10000
    

/* {"app": "dbt", "dbt_version": "1.12.5", "profile_name": "nl2sql_analytics", "target_name": "dev", "connection_name": "list_NL2SQL_ANALYTICS_INTERMEDIATE"} */;
[0m13:48:52.283544 [debug] [ThreadPool]: Using snowflake connection "list_NL2SQL_ANALYTICS_MARTS"
[0m13:48:52.284108 [debug] [ThreadPool]: Opening a new connection, currently in state init
[0m13:48:52.284521 [debug] [ThreadPool]: Opening a new connection, currently in state init
[0m13:48:52.284913 [debug] [ThreadPool]: On list_NL2SQL_ANALYTICS_MARTS: show objects in NL2SQL_ANALYTICS.MARTS
    limit 10000
    

/* {"app": "dbt", "dbt_version": "1.12.5", "profile_name": "nl2sql_analytics", "target_name": "dev", "connection_name": "list_NL2SQL_ANALYTICS_MARTS"} */;
[0m13:48:52.286137 [debug] [ThreadPool]: Opening a new connection, currently in state init
[0m13:48:52.851864 [debug] [ThreadPool]: SQL status: SUCCESS 0 in 0.566 seconds
[0m13:48:52.854074 [debug] [ThreadPool]: SQL status: SUCCESS 0 in 0.569 seconds
[0m13:48:52.860891 [debug] [ThreadPool]: Using snowflake connection "list_NL2SQL_ANALYTICS_MARTS"
[0m13:48:52.863459 [debug] [ThreadPool]: Using snowflake connection "list_NL2SQL_ANALYTICS_INTERMEDIATE"
[0m13:48:52.864079 [debug] [ThreadPool]: On list_NL2SQL_ANALYTICS_MARTS: show user functions in NL2SQL_ANALYTICS.MARTS
/* {"app": "dbt", "dbt_version": "1.12.5", "profile_name": "nl2sql_analytics", "target_name": "dev", "connection_name": "list_NL2SQL_ANALYTICS_MARTS"} */
[0m13:48:52.864669 [debug] [ThreadPool]: On list_NL2SQL_ANALYTICS_INTERMEDIATE: show user functions in NL2SQL_ANALYTICS.INTERMEDIATE
/* {"app": "dbt", "dbt_version": "1.12.5", "profile_name": "nl2sql_analytics", "target_name": "dev", "connection_name": "list_NL2SQL_ANALYTICS_INTERMEDIATE"} */
[0m13:48:52.879460 [debug] [ThreadPool]: SQL status: SUCCESS 3 in 0.595 seconds
[0m13:48:52.882704 [debug] [ThreadPool]: Using snowflake connection "list_NL2SQL_ANALYTICS_STAGING"
[0m13:48:52.883225 [debug] [ThreadPool]: On list_NL2SQL_ANALYTICS_STAGING: show user functions in NL2SQL_ANALYTICS.STAGING
/* {"app": "dbt", "dbt_version": "1.12.5", "profile_name": "nl2sql_analytics", "target_name": "dev", "connection_name": "list_NL2SQL_ANALYTICS_STAGING"} */
[0m13:48:52.969734 [debug] [ThreadPool]: SQL status: SUCCESS 0 in 0.104 seconds
[0m13:48:52.977393 [debug] [ThreadPool]: SQL status: SUCCESS 0 in 0.111 seconds
[0m13:48:52.983386 [debug] [ThreadPool]: SQL status: SUCCESS 0 in 0.100 seconds
[0m13:48:52.987485 [debug] [MainThread]: Sending event: {'category': 'dbt', 'action': 'runnable_timing', 'label': '77f3f8de-fb3f-4e8d-9760-4807b83560f7', 'context': [<snowplow_tracker.self_describing_json.SelfDescribingJson object at 0x0000019787279980>]}
[0m13:48:53.003206 [debug] [Thread-2 (]: Began running node model.nl2sql_analytics.stg_eval_results
[0m13:48:53.003794 [debug] [Thread-4 (]: Began running node model.nl2sql_analytics.stg_query_history
[0m13:48:53.004888 [debug] [Thread-3 (]: Began running node model.nl2sql_analytics.stg_eval_runs
[0m13:48:53.004437 [info ] [Thread-2 (]: 1 of 15 START sql view model STAGING.stg_eval_results .......................... [RUN]
[0m13:48:53.005578 [info ] [Thread-4 (]: 3 of 15 START sql view model STAGING.stg_query_history ......................... [RUN]
[0m13:48:53.006162 [info ] [Thread-3 (]: 2 of 15 START sql view model STAGING.stg_eval_runs ............................. [RUN]
[0m13:48:53.006832 [debug] [Thread-2 (]: Acquiring new snowflake connection 'model.nl2sql_analytics.stg_eval_results'
[0m13:48:53.007453 [debug] [Thread-4 (]: Acquiring new snowflake connection 'model.nl2sql_analytics.stg_query_history'
[0m13:48:53.007979 [debug] [Thread-3 (]: Acquiring new snowflake connection 'model.nl2sql_analytics.stg_eval_runs'
[0m13:48:53.008422 [debug] [Thread-2 (]: Began compiling node model.nl2sql_analytics.stg_eval_results
[0m13:48:53.008872 [debug] [Thread-4 (]: Began compiling node model.nl2sql_analytics.stg_query_history
[0m13:48:53.009262 [debug] [Thread-3 (]: Began compiling node model.nl2sql_analytics.stg_eval_runs
[0m13:48:53.016297 [debug] [Thread-2 (]: Writing injected SQL for node "model.nl2sql_analytics.stg_eval_results"
[0m13:48:53.018805 [debug] [Thread-4 (]: Writing injected SQL for node "model.nl2sql_analytics.stg_query_history"
[0m13:48:53.021846 [debug] [Thread-3 (]: Writing injected SQL for node "model.nl2sql_analytics.stg_eval_runs"
[0m13:48:53.024234 [debug] [Thread-4 (]: Began executing node model.nl2sql_analytics.stg_query_history
[0m13:48:53.024931 [debug] [Thread-2 (]: Began executing node model.nl2sql_analytics.stg_eval_results
[0m13:48:53.059841 [debug] [Thread-2 (]: Writing runtime sql for node "model.nl2sql_analytics.stg_eval_results"
[0m13:48:53.061558 [debug] [Thread-4 (]: Writing runtime sql for node "model.nl2sql_analytics.stg_query_history"
[0m13:48:53.062243 [debug] [Thread-3 (]: Began executing node model.nl2sql_analytics.stg_eval_runs
[0m13:48:53.066641 [debug] [Thread-3 (]: Writing runtime sql for node "model.nl2sql_analytics.stg_eval_runs"
[0m13:48:53.069069 [debug] [Thread-2 (]: Using snowflake connection "model.nl2sql_analytics.stg_eval_results"
[0m13:48:53.070424 [debug] [Thread-4 (]: Using snowflake connection "model.nl2sql_analytics.stg_query_history"
[0m13:48:53.071110 [debug] [Thread-2 (]: On model.nl2sql_analytics.stg_eval_results: create or replace   view NL2SQL_ANALYTICS.STAGING.stg_eval_results
  
  
  
  
  as (
    -- Thin pass-through over RAW.EVAL_RESULTS. One row per benchmark question.
--
-- Note `correct` is a real boolean here because eval/load_to_snowflake.py
-- converts the CSV's "True"/"False" text before loading. Downstream models can
-- therefore aggregate it directly rather than comparing against strings.

with source as (

    select * from NL2SQL_ANALYTICS.RAW.eval_results

),

casted as (

    select
        cast(result_id            as number)       as result_id,
        cast(run_id               as varchar(36))  as run_id,
        cast(question_id          as number)       as question_id,
        cast(db_id                as varchar(50))  as db_id,

        cast(question             as varchar)      as question,
        cast(evidence             as varchar)      as evidence,
        cast(gold_sql             as varchar)      as gold_sql,
        cast(predicted_sql        as varchar)      as predicted_sql,

        cast(correct              as boolean)      as correct,
        cast(difficulty           as varchar(20))  as difficulty,
        cast(retries              as number)       as retries,

        cast(error_classes_hit    as varchar)      as error_classes_hit,
        cast(fatal_error          as varchar)      as fatal_error,
        cast(schema_context_chars as number)       as schema_context_chars,
        cast(seconds              as float)        as seconds

    from source

)

select * from casted
  )
/* {"app": "dbt", "dbt_version": "1.12.5", "profile_name": "nl2sql_analytics", "target_name": "dev", "node_id": "model.nl2sql_analytics.stg_eval_results"} */;
[0m13:48:53.071777 [debug] [Thread-4 (]: On model.nl2sql_analytics.stg_query_history: create or replace   view NL2SQL_ANALYTICS.STAGING.stg_query_history
  
  
  
  
  as (
    -- Thin pass-through over RAW.QUERY_HISTORY. One row per live agent invocation
-- logged by the MCP server.
--
-- Unlike the eval_* tables this is append-only telemetry with no run_id, so it
-- cannot be joined to a benchmark run. It answers "what is actually being
-- asked in production", not "how did configuration X score".

with source as (

    select * from NL2SQL_ANALYTICS.RAW.query_history

),

casted as (

    select
        cast(history_id    as number)        as history_id,
        cast(invoked_at    as timestamp_ntz) as invoked_at,
        cast(db_id         as varchar(50))   as db_id,
        cast(question      as varchar)       as question,
        cast(sql_generated as varchar)       as sql_generated,
        cast(success       as boolean)       as success,
        cast(retries       as number)        as retries,
        cast(source        as varchar(20))   as source

    from source

)

select * from casted
  )
/* {"app": "dbt", "dbt_version": "1.12.5", "profile_name": "nl2sql_analytics", "target_name": "dev", "node_id": "model.nl2sql_analytics.stg_query_history"} */;
[0m13:48:53.072406 [debug] [Thread-2 (]: Opening a new connection, currently in state init
[0m13:48:53.073955 [debug] [Thread-3 (]: Using snowflake connection "model.nl2sql_analytics.stg_eval_runs"
[0m13:48:53.074436 [debug] [Thread-4 (]: Opening a new connection, currently in state init
[0m13:48:53.075091 [debug] [Thread-3 (]: On model.nl2sql_analytics.stg_eval_runs: create or replace   view NL2SQL_ANALYTICS.STAGING.stg_eval_runs
  
  
  
  
  as (
    -- Thin pass-through over RAW.EVAL_RUNS. No filtering, no joins, no business
-- logic -- the only job here is to pin down types so downstream models can
-- rely on them instead of re-deriving them.

with source as (

    select * from NL2SQL_ANALYTICS.RAW.eval_runs

),

casted as (

    select
        cast(run_id                      as varchar(36))   as run_id,
        cast(run_timestamp               as timestamp_ntz) as run_timestamp,
        cast(config_label                as varchar(100))  as config_label,
        cast(include_evidence_in_prompts as boolean)       as include_evidence_in_prompts,

        cast(planner_provider            as varchar(50))   as planner_provider,
        cast(planner_model               as varchar(100))  as planner_model,
        cast(generator_provider          as varchar(50))   as generator_provider,
        cast(generator_model             as varchar(100))  as generator_model,
        cast(classifier_provider         as varchar(50))   as classifier_provider,
        cast(classifier_model            as varchar(100))  as classifier_model,

        cast(total_questions             as number)        as total_questions,
        cast(source_file_hash            as varchar(64))   as source_file_hash

    from source

)

select * from casted
  )
/* {"app": "dbt", "dbt_version": "1.12.5", "profile_name": "nl2sql_analytics", "target_name": "dev", "node_id": "model.nl2sql_analytics.stg_eval_runs"} */;
[0m13:48:53.076085 [debug] [Thread-3 (]: Opening a new connection, currently in state init
[0m13:48:53.868380 [debug] [Thread-3 (]: SQL status: SUCCESS 1 in 0.792 seconds
[0m13:48:53.896662 [debug] [Thread-3 (]: Sending event: {'category': 'dbt', 'action': 'run_model', 'label': '77f3f8de-fb3f-4e8d-9760-4807b83560f7', 'context': [<snowplow_tracker.self_describing_json.SelfDescribingJson object at 0x000001978774E210>]}
[0m13:48:53.897955 [info ] [Thread-3 (]: 2 of 15 OK created sql view model STAGING.stg_eval_runs ........................ [[32mSUCCESS 1[0m in 0.89s]
[0m13:48:53.899128 [debug] [Thread-3 (]: Finished running node model.nl2sql_analytics.stg_eval_runs
[0m13:48:53.900362 [debug] [Thread-5 (]: Began running node test.nl2sql_analytics.not_null_stg_eval_runs_run_id.5413f36675
[0m13:48:53.900933 [debug] [Thread-3 (]: Began running node test.nl2sql_analytics.unique_stg_eval_runs_run_id.d068e13fae
[0m13:48:53.901409 [info ] [Thread-5 (]: 4 of 15 START test not_null_stg_eval_runs_run_id ............................... [RUN]
[0m13:48:53.902081 [info ] [Thread-3 (]: 5 of 15 START test unique_stg_eval_runs_run_id ................................. [RUN]
[0m13:48:53.902850 [debug] [Thread-5 (]: Acquiring new snowflake connection 'test.nl2sql_analytics.not_null_stg_eval_runs_run_id.5413f36675'
[0m13:48:53.903362 [debug] [Thread-3 (]: Re-using an available connection from the pool (formerly model.nl2sql_analytics.stg_eval_runs, now test.nl2sql_analytics.unique_stg_eval_runs_run_id.d068e13fae)
[0m13:48:53.903891 [debug] [Thread-5 (]: Began compiling node test.nl2sql_analytics.not_null_stg_eval_runs_run_id.5413f36675
[0m13:48:53.904318 [debug] [Thread-3 (]: Began compiling node test.nl2sql_analytics.unique_stg_eval_runs_run_id.d068e13fae
[0m13:48:53.923032 [debug] [Thread-3 (]: Writing injected SQL for node "test.nl2sql_analytics.unique_stg_eval_runs_run_id.d068e13fae"
[0m13:48:53.925751 [debug] [Thread-5 (]: Writing injected SQL for node "test.nl2sql_analytics.not_null_stg_eval_runs_run_id.5413f36675"
[0m13:48:53.928479 [debug] [Thread-5 (]: Began executing node test.nl2sql_analytics.not_null_stg_eval_runs_run_id.5413f36675
[0m13:48:53.929157 [debug] [Thread-3 (]: Began executing node test.nl2sql_analytics.unique_stg_eval_runs_run_id.d068e13fae
[0m13:48:53.952316 [debug] [Thread-5 (]: Writing runtime sql for node "test.nl2sql_analytics.not_null_stg_eval_runs_run_id.5413f36675"
[0m13:48:53.954669 [debug] [Thread-3 (]: Writing runtime sql for node "test.nl2sql_analytics.unique_stg_eval_runs_run_id.d068e13fae"
[0m13:48:53.957269 [debug] [Thread-5 (]: Using snowflake connection "test.nl2sql_analytics.not_null_stg_eval_runs_run_id.5413f36675"
[0m13:48:53.957971 [debug] [Thread-5 (]: On test.nl2sql_analytics.not_null_stg_eval_runs_run_id.5413f36675: select
      count(*) as failures,
      count(*) != 0 as should_warn,
      count(*) != 0 as should_error
    from (
      
    
  
    
    



select run_id
from NL2SQL_ANALYTICS.STAGING.stg_eval_runs
where run_id is null



  
  
      
    ) dbt_internal_test
/* {"app": "dbt", "dbt_version": "1.12.5", "profile_name": "nl2sql_analytics", "target_name": "dev", "node_id": "test.nl2sql_analytics.not_null_stg_eval_runs_run_id.5413f36675"} */
[0m13:48:53.959085 [debug] [Thread-3 (]: Using snowflake connection "test.nl2sql_analytics.unique_stg_eval_runs_run_id.d068e13fae"
[0m13:48:53.959605 [debug] [Thread-5 (]: Opening a new connection, currently in state init
[0m13:48:53.960112 [debug] [Thread-3 (]: On test.nl2sql_analytics.unique_stg_eval_runs_run_id.d068e13fae: select
      count(*) as failures,
      count(*) != 0 as should_warn,
      count(*) != 0 as should_error
    from (
      
    
  
    
    

select
    run_id as unique_field,
    count(*) as n_records

from NL2SQL_ANALYTICS.STAGING.stg_eval_runs
where run_id is not null
group by run_id
having count(*) > 1



  
  
      
    ) dbt_internal_test
/* {"app": "dbt", "dbt_version": "1.12.5", "profile_name": "nl2sql_analytics", "target_name": "dev", "node_id": "test.nl2sql_analytics.unique_stg_eval_runs_run_id.d068e13fae"} */
[0m13:48:54.164086 [debug] [Thread-4 (]: SQL status: SUCCESS 1 in 1.089 seconds
[0m13:48:54.169065 [debug] [Thread-4 (]: Sending event: {'category': 'dbt', 'action': 'run_model', 'label': '77f3f8de-fb3f-4e8d-9760-4807b83560f7', 'context': [<snowplow_tracker.self_describing_json.SelfDescribingJson object at 0x00000197877233E0>]}
[0m13:48:54.169968 [info ] [Thread-4 (]: 3 of 15 OK created sql view model STAGING.stg_query_history .................... [[32mSUCCESS 1[0m in 1.16s]
[0m13:48:54.170796 [debug] [Thread-4 (]: Finished running node model.nl2sql_analytics.stg_query_history
[0m13:48:54.171577 [debug] [Thread-4 (]: Began running node test.nl2sql_analytics.not_null_stg_query_history_history_id.9e33d481a5
[0m13:48:54.171953 [info ] [Thread-4 (]: 6 of 15 START test not_null_stg_query_history_history_id ....................... [RUN]
[0m13:48:54.172420 [debug] [Thread-4 (]: Re-using an available connection from the pool (formerly model.nl2sql_analytics.stg_query_history, now test.nl2sql_analytics.not_null_stg_query_history_history_id.9e33d481a5)
[0m13:48:54.172762 [debug] [Thread-4 (]: Began compiling node test.nl2sql_analytics.not_null_stg_query_history_history_id.9e33d481a5
[0m13:48:54.178922 [debug] [Thread-4 (]: Writing injected SQL for node "test.nl2sql_analytics.not_null_stg_query_history_history_id.9e33d481a5"
[0m13:48:54.190423 [debug] [Thread-4 (]: Began executing node test.nl2sql_analytics.not_null_stg_query_history_history_id.9e33d481a5
[0m13:48:54.192645 [debug] [Thread-4 (]: Writing runtime sql for node "test.nl2sql_analytics.not_null_stg_query_history_history_id.9e33d481a5"
[0m13:48:54.194898 [debug] [Thread-4 (]: Using snowflake connection "test.nl2sql_analytics.not_null_stg_query_history_history_id.9e33d481a5"
[0m13:48:54.195569 [debug] [Thread-4 (]: On test.nl2sql_analytics.not_null_stg_query_history_history_id.9e33d481a5: select
      count(*) as failures,
      count(*) != 0 as should_warn,
      count(*) != 0 as should_error
    from (
      
    
  
    
    



select history_id
from NL2SQL_ANALYTICS.STAGING.stg_query_history
where history_id is null



  
  
      
    ) dbt_internal_test
/* {"app": "dbt", "dbt_version": "1.12.5", "profile_name": "nl2sql_analytics", "target_name": "dev", "node_id": "test.nl2sql_analytics.not_null_stg_query_history_history_id.9e33d481a5"} */
[0m13:48:54.207982 [debug] [Thread-2 (]: SQL status: SUCCESS 1 in 1.136 seconds
[0m13:48:54.210446 [debug] [Thread-2 (]: Sending event: {'category': 'dbt', 'action': 'run_model', 'label': '77f3f8de-fb3f-4e8d-9760-4807b83560f7', 'context': [<snowplow_tracker.self_describing_json.SelfDescribingJson object at 0x00000197878B5950>]}
[0m13:48:54.211154 [info ] [Thread-2 (]: 1 of 15 OK created sql view model STAGING.stg_eval_results ..................... [[32mSUCCESS 1[0m in 1.20s]
[0m13:48:54.211793 [debug] [Thread-2 (]: Finished running node model.nl2sql_analytics.stg_eval_results
[0m13:48:54.212220 [debug] [Thread-2 (]: Began running node test.nl2sql_analytics.unique_stg_query_history_history_id.98363e75ca
[0m13:48:54.212607 [info ] [Thread-2 (]: 7 of 15 START test unique_stg_query_history_history_id ......................... [RUN]
[0m13:48:54.213347 [debug] [Thread-2 (]: Re-using an available connection from the pool (formerly model.nl2sql_analytics.stg_eval_results, now test.nl2sql_analytics.unique_stg_query_history_history_id.98363e75ca)
[0m13:48:54.213928 [debug] [Thread-2 (]: Began compiling node test.nl2sql_analytics.unique_stg_query_history_history_id.98363e75ca
[0m13:48:54.222040 [debug] [Thread-2 (]: Writing injected SQL for node "test.nl2sql_analytics.unique_stg_query_history_history_id.98363e75ca"
[0m13:48:54.224023 [debug] [Thread-2 (]: Began executing node test.nl2sql_analytics.unique_stg_query_history_history_id.98363e75ca
[0m13:48:54.226262 [debug] [Thread-2 (]: Writing runtime sql for node "test.nl2sql_analytics.unique_stg_query_history_history_id.98363e75ca"
[0m13:48:54.228334 [debug] [Thread-2 (]: Using snowflake connection "test.nl2sql_analytics.unique_stg_query_history_history_id.98363e75ca"
[0m13:48:54.228947 [debug] [Thread-2 (]: On test.nl2sql_analytics.unique_stg_query_history_history_id.98363e75ca: select
      count(*) as failures,
      count(*) != 0 as should_warn,
      count(*) != 0 as should_error
    from (
      
    
  
    
    

select
    history_id as unique_field,
    count(*) as n_records

from NL2SQL_ANALYTICS.STAGING.stg_query_history
where history_id is not null
group by history_id
having count(*) > 1



  
  
      
    ) dbt_internal_test
/* {"app": "dbt", "dbt_version": "1.12.5", "profile_name": "nl2sql_analytics", "target_name": "dev", "node_id": "test.nl2sql_analytics.unique_stg_query_history_history_id.98363e75ca"} */
[0m13:48:54.560817 [debug] [Thread-2 (]: SQL status: SUCCESS 1 in 0.331 seconds
[0m13:48:54.568279 [info ] [Thread-2 (]: 7 of 15 PASS unique_stg_query_history_history_id ............................... [[32mPASS[0m in 0.35s]
[0m13:48:54.569294 [debug] [Thread-2 (]: Finished running node test.nl2sql_analytics.unique_stg_query_history_history_id.98363e75ca
[0m13:48:54.569886 [debug] [Thread-2 (]: Began running node test.nl2sql_analytics.not_null_stg_eval_results_result_id.9b4ed491ca
[0m13:48:54.570834 [debug] [Thread-4 (]: SQL status: SUCCESS 1 in 0.375 seconds
[0m13:48:54.571601 [info ] [Thread-2 (]: 8 of 15 START test not_null_stg_eval_results_result_id ......................... [RUN]
[0m13:48:54.575449 [info ] [Thread-4 (]: 6 of 15 PASS not_null_stg_query_history_history_id ............................. [[32mPASS[0m in 0.40s]
[0m13:48:54.576394 [debug] [Thread-2 (]: Re-using an available connection from the pool (formerly test.nl2sql_analytics.unique_stg_query_history_history_id.98363e75ca, now test.nl2sql_analytics.not_null_stg_eval_results_result_id.9b4ed491ca)
[0m13:48:54.577124 [debug] [Thread-4 (]: Finished running node test.nl2sql_analytics.not_null_stg_query_history_history_id.9e33d481a5
[0m13:48:54.577658 [debug] [Thread-2 (]: Began compiling node test.nl2sql_analytics.not_null_stg_eval_results_result_id.9b4ed491ca
[0m13:48:54.578163 [debug] [Thread-4 (]: Began running node test.nl2sql_analytics.not_null_stg_eval_results_run_id.7bfef45c78
[0m13:48:54.585896 [debug] [Thread-2 (]: Writing injected SQL for node "test.nl2sql_analytics.not_null_stg_eval_results_result_id.9b4ed491ca"
[0m13:48:54.586909 [info ] [Thread-4 (]: 9 of 15 START test not_null_stg_eval_results_run_id ............................ [RUN]
[0m13:48:54.588311 [debug] [Thread-4 (]: Re-using an available connection from the pool (formerly test.nl2sql_analytics.not_null_stg_query_history_history_id.9e33d481a5, now test.nl2sql_analytics.not_null_stg_eval_results_run_id.7bfef45c78)
[0m13:48:54.588864 [debug] [Thread-4 (]: Began compiling node test.nl2sql_analytics.not_null_stg_eval_results_run_id.7bfef45c78
[0m13:48:54.599877 [debug] [Thread-4 (]: Writing injected SQL for node "test.nl2sql_analytics.not_null_stg_eval_results_run_id.7bfef45c78"
[0m13:48:54.601384 [debug] [Thread-2 (]: Began executing node test.nl2sql_analytics.not_null_stg_eval_results_result_id.9b4ed491ca
[0m13:48:54.604221 [debug] [Thread-2 (]: Writing runtime sql for node "test.nl2sql_analytics.not_null_stg_eval_results_result_id.9b4ed491ca"
[0m13:48:54.605412 [debug] [Thread-4 (]: Began executing node test.nl2sql_analytics.not_null_stg_eval_results_run_id.7bfef45c78
[0m13:48:54.607700 [debug] [Thread-4 (]: Writing runtime sql for node "test.nl2sql_analytics.not_null_stg_eval_results_run_id.7bfef45c78"
[0m13:48:54.609823 [debug] [Thread-3 (]: SQL status: SUCCESS 1 in 0.649 seconds
[0m13:48:54.610843 [debug] [Thread-2 (]: Using snowflake connection "test.nl2sql_analytics.not_null_stg_eval_results_result_id.9b4ed491ca"
[0m13:48:54.612883 [info ] [Thread-3 (]: 5 of 15 PASS unique_stg_eval_runs_run_id ....................................... [[32mPASS[0m in 0.71s]
[0m13:48:54.613582 [debug] [Thread-2 (]: On test.nl2sql_analytics.not_null_stg_eval_results_result_id.9b4ed491ca: select
      count(*) as failures,
      count(*) != 0 as should_warn,
      count(*) != 0 as should_error
    from (
      
    
  
    
    



select result_id
from NL2SQL_ANALYTICS.STAGING.stg_eval_results
where result_id is null



  
  
      
    ) dbt_internal_test
/* {"app": "dbt", "dbt_version": "1.12.5", "profile_name": "nl2sql_analytics", "target_name": "dev", "node_id": "test.nl2sql_analytics.not_null_stg_eval_results_result_id.9b4ed491ca"} */
[0m13:48:54.614365 [debug] [Thread-3 (]: Finished running node test.nl2sql_analytics.unique_stg_eval_runs_run_id.d068e13fae
[0m13:48:54.617395 [debug] [Thread-4 (]: Using snowflake connection "test.nl2sql_analytics.not_null_stg_eval_results_run_id.7bfef45c78"
[0m13:48:54.618717 [debug] [Thread-3 (]: Began running node test.nl2sql_analytics.relationships_stg_eval_results_run_id__run_id__ref_stg_eval_runs_.c5b93ec5b7
[0m13:48:54.619642 [debug] [Thread-4 (]: On test.nl2sql_analytics.not_null_stg_eval_results_run_id.7bfef45c78: select
      count(*) as failures,
      count(*) != 0 as should_warn,
      count(*) != 0 as should_error
    from (
      
    
  
    
    



select run_id
from NL2SQL_ANALYTICS.STAGING.stg_eval_results
where run_id is null



  
  
      
    ) dbt_internal_test
/* {"app": "dbt", "dbt_version": "1.12.5", "profile_name": "nl2sql_analytics", "target_name": "dev", "node_id": "test.nl2sql_analytics.not_null_stg_eval_results_run_id.7bfef45c78"} */
[0m13:48:54.621200 [info ] [Thread-3 (]: 10 of 15 START test relationships_stg_eval_results_run_id__run_id__ref_stg_eval_runs_  [RUN]
[0m13:48:54.622448 [debug] [Thread-5 (]: SQL status: SUCCESS 1 in 0.663 seconds
[0m13:48:54.624695 [debug] [Thread-3 (]: Re-using an available connection from the pool (formerly test.nl2sql_analytics.unique_stg_eval_runs_run_id.d068e13fae, now test.nl2sql_analytics.relationships_stg_eval_results_run_id__run_id__ref_stg_eval_runs_.c5b93ec5b7)
[0m13:48:54.626744 [info ] [Thread-5 (]: 4 of 15 PASS not_null_stg_eval_runs_run_id ..................................... [[32mPASS[0m in 0.72s]
[0m13:48:54.627459 [debug] [Thread-3 (]: Began compiling node test.nl2sql_analytics.relationships_stg_eval_results_run_id__run_id__ref_stg_eval_runs_.c5b93ec5b7
[0m13:48:54.628373 [debug] [Thread-5 (]: Finished running node test.nl2sql_analytics.not_null_stg_eval_runs_run_id.5413f36675
[0m13:48:54.644431 [debug] [Thread-3 (]: Writing injected SQL for node "test.nl2sql_analytics.relationships_stg_eval_results_run_id__run_id__ref_stg_eval_runs_.c5b93ec5b7"
[0m13:48:54.645170 [debug] [Thread-5 (]: Began running node test.nl2sql_analytics.unique_stg_eval_results_result_id.9ee52254b8
[0m13:48:54.645969 [info ] [Thread-5 (]: 11 of 15 START test unique_stg_eval_results_result_id .......................... [RUN]
[0m13:48:54.646602 [debug] [Thread-5 (]: Re-using an available connection from the pool (formerly test.nl2sql_analytics.not_null_stg_eval_runs_run_id.5413f36675, now test.nl2sql_analytics.unique_stg_eval_results_result_id.9ee52254b8)
[0m13:48:54.647118 [debug] [Thread-5 (]: Began compiling node test.nl2sql_analytics.unique_stg_eval_results_result_id.9ee52254b8
[0m13:48:54.654674 [debug] [Thread-5 (]: Writing injected SQL for node "test.nl2sql_analytics.unique_stg_eval_results_result_id.9ee52254b8"
[0m13:48:54.655721 [debug] [Thread-3 (]: Began executing node test.nl2sql_analytics.relationships_stg_eval_results_run_id__run_id__ref_stg_eval_runs_.c5b93ec5b7
[0m13:48:54.658192 [debug] [Thread-3 (]: Writing runtime sql for node "test.nl2sql_analytics.relationships_stg_eval_results_run_id__run_id__ref_stg_eval_runs_.c5b93ec5b7"
[0m13:48:54.659323 [debug] [Thread-5 (]: Began executing node test.nl2sql_analytics.unique_stg_eval_results_result_id.9ee52254b8
[0m13:48:54.661592 [debug] [Thread-5 (]: Writing runtime sql for node "test.nl2sql_analytics.unique_stg_eval_results_result_id.9ee52254b8"
[0m13:48:54.663434 [debug] [Thread-3 (]: Using snowflake connection "test.nl2sql_analytics.relationships_stg_eval_results_run_id__run_id__ref_stg_eval_runs_.c5b93ec5b7"
[0m13:48:54.664659 [debug] [Thread-3 (]: On test.nl2sql_analytics.relationships_stg_eval_results_run_id__run_id__ref_stg_eval_runs_.c5b93ec5b7: select
      count(*) as failures,
      count(*) != 0 as should_warn,
      count(*) != 0 as should_error
    from (
      
    
  
    
    

with child as (
    select run_id as from_field
    from NL2SQL_ANALYTICS.STAGING.stg_eval_results
    where run_id is not null
),

parent as (
    select run_id as to_field
    from NL2SQL_ANALYTICS.STAGING.stg_eval_runs
)

select
    from_field

from child
left join parent
    on child.from_field = parent.to_field

where parent.to_field is null



  
  
      
    ) dbt_internal_test
/* {"app": "dbt", "dbt_version": "1.12.5", "profile_name": "nl2sql_analytics", "target_name": "dev", "node_id": "test.nl2sql_analytics.relationships_stg_eval_results_run_id__run_id__ref_stg_eval_runs_.c5b93ec5b7"} */
[0m13:48:54.668027 [debug] [Thread-5 (]: Using snowflake connection "test.nl2sql_analytics.unique_stg_eval_results_result_id.9ee52254b8"
[0m13:48:54.669201 [debug] [Thread-5 (]: On test.nl2sql_analytics.unique_stg_eval_results_result_id.9ee52254b8: select
      count(*) as failures,
      count(*) != 0 as should_warn,
      count(*) != 0 as should_error
    from (
      
    
  
    
    

select
    result_id as unique_field,
    count(*) as n_records

from NL2SQL_ANALYTICS.STAGING.stg_eval_results
where result_id is not null
group by result_id
having count(*) > 1



  
  
      
    ) dbt_internal_test
/* {"app": "dbt", "dbt_version": "1.12.5", "profile_name": "nl2sql_analytics", "target_name": "dev", "node_id": "test.nl2sql_analytics.unique_stg_eval_results_result_id.9ee52254b8"} */
[0m13:48:54.876688 [debug] [Thread-2 (]: SQL status: SUCCESS 1 in 0.261 seconds
[0m13:48:54.877525 [debug] [Thread-4 (]: SQL status: SUCCESS 1 in 0.254 seconds
[0m13:48:54.879610 [info ] [Thread-2 (]: 8 of 15 PASS not_null_stg_eval_results_result_id ............................... [[32mPASS[0m in 0.30s]
[0m13:48:54.882542 [info ] [Thread-4 (]: 9 of 15 PASS not_null_stg_eval_results_run_id .................................. [[32mPASS[0m in 0.29s]
[0m13:48:54.883511 [debug] [Thread-2 (]: Finished running node test.nl2sql_analytics.not_null_stg_eval_results_result_id.9b4ed491ca
[0m13:48:54.884309 [debug] [Thread-4 (]: Finished running node test.nl2sql_analytics.not_null_stg_eval_results_run_id.7bfef45c78
[0m13:48:54.972574 [debug] [Thread-5 (]: SQL status: SUCCESS 1 in 0.303 seconds
[0m13:48:54.974545 [info ] [Thread-5 (]: 11 of 15 PASS unique_stg_eval_results_result_id ................................ [[32mPASS[0m in 0.33s]
[0m13:48:54.975212 [debug] [Thread-5 (]: Finished running node test.nl2sql_analytics.unique_stg_eval_results_result_id.9ee52254b8
[0m13:48:55.135948 [debug] [Thread-3 (]: SQL status: SUCCESS 1 in 0.470 seconds
[0m13:48:55.137922 [info ] [Thread-3 (]: 10 of 15 PASS relationships_stg_eval_results_run_id__run_id__ref_stg_eval_runs_  [[32mPASS[0m in 0.51s]
[0m13:48:55.138597 [debug] [Thread-3 (]: Finished running node test.nl2sql_analytics.relationships_stg_eval_results_run_id__run_id__ref_stg_eval_runs_.c5b93ec5b7
[0m13:48:55.139487 [debug] [Thread-2 (]: Began running node model.nl2sql_analytics.int_eval_results_enriched
[0m13:48:55.140075 [info ] [Thread-2 (]: 12 of 15 START sql view model INTERMEDIATE.int_eval_results_enriched ........... [RUN]
[0m13:48:55.140700 [debug] [Thread-2 (]: Re-using an available connection from the pool (formerly test.nl2sql_analytics.not_null_stg_eval_results_result_id.9b4ed491ca, now model.nl2sql_analytics.int_eval_results_enriched)
[0m13:48:55.141149 [debug] [Thread-2 (]: Began compiling node model.nl2sql_analytics.int_eval_results_enriched
[0m13:48:55.143305 [debug] [Thread-2 (]: Writing injected SQL for node "model.nl2sql_analytics.int_eval_results_enriched"
[0m13:48:55.145368 [debug] [Thread-2 (]: Began executing node model.nl2sql_analytics.int_eval_results_enriched
[0m13:48:55.147853 [debug] [Thread-2 (]: Writing runtime sql for node "model.nl2sql_analytics.int_eval_results_enriched"
[0m13:48:55.151888 [debug] [Thread-2 (]: Using snowflake connection "model.nl2sql_analytics.int_eval_results_enriched"
[0m13:48:55.152450 [debug] [Thread-2 (]: On model.nl2sql_analytics.int_eval_results_enriched: create or replace   view NL2SQL_ANALYTICS.INTERMEDIATE.int_eval_results_enriched
  
  
  
  
  as (
    -- Per-question results with their run's configuration attached, so downstream
-- marts can slice accuracy by model/provider without re-joining every time.
--
-- INNER join is deliberate. Every result row should have a parent run --
-- eval/load_to_snowflake.py inserts EVAL_RUNS before loading EVAL_RESULTS, and
-- the FK is declared in the DDL. But Snowflake does not ENFORCE foreign keys,
-- so an orphan is possible in principle. An inner join drops orphans silently,
-- which is why the `relationships` test in models/staging/schema.yml exists:
-- it fails the build if any result's run_id is missing from stg_eval_runs,
-- turning a silent row-count discrepancy into a loud error.

with results as (

    select * from NL2SQL_ANALYTICS.STAGING.stg_eval_results

),

runs as (

    select * from NL2SQL_ANALYTICS.STAGING.stg_eval_runs

),

joined as (

    select
        -- everything from stg_eval_results
        results.result_id,
        results.run_id,
        results.question_id,
        results.db_id,
        results.question,
        results.evidence,
        results.gold_sql,
        results.predicted_sql,
        results.correct,
        results.difficulty,
        results.retries,
        results.error_classes_hit,
        results.fatal_error,
        results.schema_context_chars,
        results.seconds,

        -- run-level configuration
        runs.run_timestamp,
        runs.config_label,
        runs.planner_model,
        runs.generator_model,
        runs.classifier_model,
        runs.planner_provider,
        runs.generator_provider,
        runs.classifier_provider

    from results

    inner join runs
        on results.run_id = runs.run_id

)

select * from joined
  )
/* {"app": "dbt", "dbt_version": "1.12.5", "profile_name": "nl2sql_analytics", "target_name": "dev", "node_id": "model.nl2sql_analytics.int_eval_results_enriched"} */;
[0m13:48:55.658216 [debug] [Thread-2 (]: SQL status: SUCCESS 1 in 0.505 seconds
[0m13:48:55.661167 [debug] [Thread-2 (]: Sending event: {'category': 'dbt', 'action': 'run_model', 'label': '77f3f8de-fb3f-4e8d-9760-4807b83560f7', 'context': [<snowplow_tracker.self_describing_json.SelfDescribingJson object at 0x00000197878569D0>]}
[0m13:48:55.661870 [info ] [Thread-2 (]: 12 of 15 OK created sql view model INTERMEDIATE.int_eval_results_enriched ...... [[32mSUCCESS 1[0m in 0.52s]
[0m13:48:55.662534 [debug] [Thread-2 (]: Finished running node model.nl2sql_analytics.int_eval_results_enriched
[0m13:48:55.663934 [debug] [Thread-5 (]: Began running node model.nl2sql_analytics.mart_accuracy_by_difficulty
[0m13:48:55.663395 [debug] [Thread-4 (]: Began running node model.nl2sql_analytics.mart_accuracy_by_database
[0m13:48:55.665553 [debug] [Thread-3 (]: Began running node model.nl2sql_analytics.mart_accuracy_over_time
[0m13:48:55.664812 [info ] [Thread-5 (]: 14 of 15 START sql table model MARTS.mart_accuracy_by_difficulty ............... [RUN]
[0m13:48:55.666966 [info ] [Thread-4 (]: 13 of 15 START sql table model MARTS.mart_accuracy_by_database ................. [RUN]
[0m13:48:55.667761 [info ] [Thread-3 (]: 15 of 15 START sql table model MARTS.mart_accuracy_over_time ................... [RUN]
[0m13:48:55.669332 [debug] [Thread-5 (]: Re-using an available connection from the pool (formerly test.nl2sql_analytics.unique_stg_eval_results_result_id.9ee52254b8, now model.nl2sql_analytics.mart_accuracy_by_difficulty)
[0m13:48:55.670151 [debug] [Thread-4 (]: Re-using an available connection from the pool (formerly test.nl2sql_analytics.not_null_stg_eval_results_run_id.7bfef45c78, now model.nl2sql_analytics.mart_accuracy_by_database)
[0m13:48:55.670797 [debug] [Thread-3 (]: Re-using an available connection from the pool (formerly test.nl2sql_analytics.relationships_stg_eval_results_run_id__run_id__ref_stg_eval_runs_.c5b93ec5b7, now model.nl2sql_analytics.mart_accuracy_over_time)
[0m13:48:55.671369 [debug] [Thread-5 (]: Began compiling node model.nl2sql_analytics.mart_accuracy_by_difficulty
[0m13:48:55.671916 [debug] [Thread-4 (]: Began compiling node model.nl2sql_analytics.mart_accuracy_by_database
[0m13:48:55.672350 [debug] [Thread-3 (]: Began compiling node model.nl2sql_analytics.mart_accuracy_over_time
[0m13:48:55.674311 [debug] [Thread-5 (]: Writing injected SQL for node "model.nl2sql_analytics.mart_accuracy_by_difficulty"
[0m13:48:55.676210 [debug] [Thread-4 (]: Writing injected SQL for node "model.nl2sql_analytics.mart_accuracy_by_database"
[0m13:48:55.678064 [debug] [Thread-3 (]: Writing injected SQL for node "model.nl2sql_analytics.mart_accuracy_over_time"
[0m13:48:55.688585 [debug] [Thread-5 (]: Began executing node model.nl2sql_analytics.mart_accuracy_by_difficulty
[0m13:48:55.689398 [debug] [Thread-4 (]: Began executing node model.nl2sql_analytics.mart_accuracy_by_database
[0m13:48:55.727040 [debug] [Thread-4 (]: Writing runtime sql for node "model.nl2sql_analytics.mart_accuracy_by_database"
[0m13:48:55.731816 [debug] [Thread-3 (]: Began executing node model.nl2sql_analytics.mart_accuracy_over_time
[0m13:48:55.733374 [debug] [Thread-5 (]: Writing runtime sql for node "model.nl2sql_analytics.mart_accuracy_by_difficulty"
[0m13:48:55.735634 [debug] [Thread-3 (]: Writing runtime sql for node "model.nl2sql_analytics.mart_accuracy_over_time"
[0m13:48:55.738306 [debug] [Thread-4 (]: Using snowflake connection "model.nl2sql_analytics.mart_accuracy_by_database"
[0m13:48:55.738961 [debug] [Thread-4 (]: On model.nl2sql_analytics.mart_accuracy_by_database: create or replace transient table NL2SQL_ANALYTICS.MARTS.mart_accuracy_by_database
    
    
    
    
    

    as (-- Execution accuracy per database, split by run configuration.
--
-- Answers "which schemas does the agent struggle on, and did the config
-- change help?" -- the per-database table in the project README is this query.
--
-- Note accuracy here is EXECUTION accuracy: the predicted SQL returned the
-- same rows as the gold SQL. It does not mean the SQL is well-formed or that
-- it would generalise; see the README's "What this doesn't do".

with enriched as (

    select * from NL2SQL_ANALYTICS.INTERMEDIATE.int_eval_results_enriched

),

aggregated as (

    select
        db_id,
        config_label,

        count(*)                                  as total_questions,
        count_if(correct)                         as correct_count,
        -- Snowflake division yields a decimal (not integer truncation), so
        -- this is a true ratio. 4dp keeps 0.1667-style values exact enough to
        -- compare runs without pretending to more precision than 150-500
        -- questions supports.
        round(count_if(correct) / count(*), 4)    as accuracy

    from enriched

    group by db_id, config_label

)

select * from aggregated
order by db_id
    )

/* {"app": "dbt", "dbt_version": "1.12.5", "profile_name": "nl2sql_analytics", "target_name": "dev", "node_id": "model.nl2sql_analytics.mart_accuracy_by_database"} */;
[0m13:48:55.741529 [debug] [Thread-3 (]: Using snowflake connection "model.nl2sql_analytics.mart_accuracy_over_time"
[0m13:48:55.742173 [debug] [Thread-3 (]: On model.nl2sql_analytics.mart_accuracy_over_time: create or replace transient table NL2SQL_ANALYTICS.MARTS.mart_accuracy_over_time
    
    
    
    
    

    as (-- One row per benchmark run: the time series of overall accuracy.
--
-- Grain is deliberately the RUN, not run x database or run x difficulty.
-- Airflow's drift check reads this table and compares consecutive runs; if it
-- were further split, a "drop in accuracy" could just be a shift in which
-- databases a run covered rather than a real regression. Use
-- mart_accuracy_by_database / _by_difficulty for the breakdowns.

with enriched as (

    select * from NL2SQL_ANALYTICS.INTERMEDIATE.int_eval_results_enriched

),

aggregated as (

    select
        run_id,
        run_timestamp,
        config_label,

        count(*)                                  as total_questions,
        count_if(correct)                         as correct_count,
        round(count_if(correct) / count(*), 4)    as accuracy

    from enriched

    group by run_id, run_timestamp, config_label

)

select * from aggregated
order by run_timestamp
    )

/* {"app": "dbt", "dbt_version": "1.12.5", "profile_name": "nl2sql_analytics", "target_name": "dev", "node_id": "model.nl2sql_analytics.mart_accuracy_over_time"} */;
[0m13:48:55.743335 [debug] [Thread-5 (]: Using snowflake connection "model.nl2sql_analytics.mart_accuracy_by_difficulty"
[0m13:48:55.744811 [debug] [Thread-5 (]: On model.nl2sql_analytics.mart_accuracy_by_difficulty: create or replace transient table NL2SQL_ANALYTICS.MARTS.mart_accuracy_by_difficulty
    
    
    
    
    

    as (-- Execution accuracy per BIRD-SQL difficulty band, split by run configuration.
-- Same shape as mart_accuracy_by_database, different grain.

with enriched as (

    select * from NL2SQL_ANALYTICS.INTERMEDIATE.int_eval_results_enriched

),

aggregated as (

    select
        difficulty,
        config_label,

        count(*)                                  as total_questions,
        count_if(correct)                         as correct_count,
        round(count_if(correct) / count(*), 4)    as accuracy

    from enriched

    group by difficulty, config_label

)

select * from aggregated
order by difficulty
    )

/* {"app": "dbt", "dbt_version": "1.12.5", "profile_name": "nl2sql_analytics", "target_name": "dev", "node_id": "model.nl2sql_analytics.mart_accuracy_by_difficulty"} */;
[0m13:48:56.806004 [debug] [Thread-3 (]: SQL status: SUCCESS 2 in 1.062 seconds
[0m13:48:56.808255 [debug] [Thread-3 (]: Sending event: {'category': 'dbt', 'action': 'run_model', 'label': '77f3f8de-fb3f-4e8d-9760-4807b83560f7', 'context': [<snowplow_tracker.self_describing_json.SelfDescribingJson object at 0x00000197872CDE10>]}
[0m13:48:56.809056 [info ] [Thread-3 (]: 15 of 15 OK created sql table model MARTS.mart_accuracy_over_time .............. [[32mSUCCESS 2[0m in 1.14s]
[0m13:48:56.809859 [debug] [Thread-3 (]: Finished running node model.nl2sql_analytics.mart_accuracy_over_time
[0m13:48:56.810834 [debug] [Thread-4 (]: SQL status: SUCCESS 15 in 1.071 seconds
[0m13:48:56.813020 [debug] [Thread-4 (]: Sending event: {'category': 'dbt', 'action': 'run_model', 'label': '77f3f8de-fb3f-4e8d-9760-4807b83560f7', 'context': [<snowplow_tracker.self_describing_json.SelfDescribingJson object at 0x00000197878B0950>]}
[0m13:48:56.813702 [info ] [Thread-4 (]: 13 of 15 OK created sql table model MARTS.mart_accuracy_by_database ............ [[32mSUCCESS 15[0m in 1.14s]
[0m13:48:56.814427 [debug] [Thread-4 (]: Finished running node model.nl2sql_analytics.mart_accuracy_by_database
[0m13:48:56.816150 [debug] [Thread-5 (]: SQL status: SUCCESS 6 in 1.071 seconds
[0m13:48:56.818793 [debug] [Thread-5 (]: Sending event: {'category': 'dbt', 'action': 'run_model', 'label': '77f3f8de-fb3f-4e8d-9760-4807b83560f7', 'context': [<snowplow_tracker.self_describing_json.SelfDescribingJson object at 0x0000019787813950>]}
[0m13:48:56.819491 [info ] [Thread-5 (]: 14 of 15 OK created sql table model MARTS.mart_accuracy_by_difficulty .......... [[32mSUCCESS 6[0m in 1.15s]
[0m13:48:56.820155 [debug] [Thread-5 (]: Finished running node model.nl2sql_analytics.mart_accuracy_by_difficulty
[0m13:48:56.821953 [debug] [MainThread]: Connection 'master' was properly closed.
[0m13:48:56.822396 [debug] [MainThread]: Connection 'create_NL2SQL_ANALYTICS_MARTS' was left open.
[0m13:48:56.822765 [debug] [MainThread]: On create_NL2SQL_ANALYTICS_MARTS: Close
[0m13:48:56.945386 [debug] [MainThread]: Connection 'create_NL2SQL_ANALYTICS_INTERMEDIATE' was left open.
[0m13:48:56.945991 [debug] [MainThread]: On create_NL2SQL_ANALYTICS_INTERMEDIATE: Close
[0m13:48:57.061673 [debug] [MainThread]: Connection 'list_NL2SQL_ANALYTICS' was left open.
[0m13:48:57.062232 [debug] [MainThread]: On list_NL2SQL_ANALYTICS: Close
[0m13:48:57.185467 [debug] [MainThread]: Connection 'list_NL2SQL_ANALYTICS_STAGING' was left open.
[0m13:48:57.186058 [debug] [MainThread]: On list_NL2SQL_ANALYTICS_STAGING: Close
[0m13:48:57.296726 [debug] [MainThread]: Connection 'list_NL2SQL_ANALYTICS_INTERMEDIATE' was left open.
[0m13:48:57.297735 [debug] [MainThread]: On list_NL2SQL_ANALYTICS_INTERMEDIATE: Close
[0m13:48:57.410704 [debug] [MainThread]: Connection 'list_NL2SQL_ANALYTICS_MARTS' was left open.
[0m13:48:57.411162 [debug] [MainThread]: On list_NL2SQL_ANALYTICS_MARTS: Close
[0m13:48:57.527446 [debug] [MainThread]: Connection 'model.nl2sql_analytics.int_eval_results_enriched' was left open.
[0m13:48:57.528000 [debug] [MainThread]: On model.nl2sql_analytics.int_eval_results_enriched: Close
[0m13:48:57.632970 [debug] [MainThread]: Connection 'model.nl2sql_analytics.mart_accuracy_by_database' was left open.
[0m13:48:57.633717 [debug] [MainThread]: On model.nl2sql_analytics.mart_accuracy_by_database: Close
[0m13:48:57.727419 [debug] [MainThread]: Connection 'model.nl2sql_analytics.mart_accuracy_over_time' was left open.
[0m13:48:57.727914 [debug] [MainThread]: On model.nl2sql_analytics.mart_accuracy_over_time: Close
[0m13:48:57.852351 [debug] [MainThread]: Connection 'model.nl2sql_analytics.mart_accuracy_by_difficulty' was left open.
[0m13:48:57.852855 [debug] [MainThread]: On model.nl2sql_analytics.mart_accuracy_by_difficulty: Close
[0m13:48:57.975972 [info ] [MainThread]: 
[0m13:48:57.976747 [info ] [MainThread]: Finished running 3 table models, 8 data tests, 4 view models in 0 hours 0 minutes and 7.60 seconds (7.60s).
[0m13:48:57.980100 [debug] [MainThread]: Command end result
[0m13:48:58.030993 [debug] [MainThread]: Wrote artifact WritableManifest to C:\Users\Arun\OneDrive\Desktop\nl2sql-agentic-rag\nl2sql-agentic-rag\dbt_project\target\manifest.json
[0m13:48:58.036948 [debug] [MainThread]: Wrote artifact SemanticManifest to C:\Users\Arun\OneDrive\Desktop\nl2sql-agentic-rag\nl2sql-agentic-rag\dbt_project\target\semantic_manifest.json
[0m13:48:58.041895 [debug] [MainThread]: Wrote artifact OsiDocument to C:\Users\Arun\OneDrive\Desktop\nl2sql-agentic-rag\nl2sql-agentic-rag\dbt_project\target\osi_document.json
[0m13:48:58.051534 [debug] [MainThread]: Wrote artifact RunExecutionResult to C:\Users\Arun\OneDrive\Desktop\nl2sql-agentic-rag\nl2sql-agentic-rag\dbt_project\target\run_results.json
[0m13:48:58.052043 [info ] [MainThread]: 
[0m13:48:58.052603 [info ] [MainThread]: [32mCompleted successfully[0m
[0m13:48:58.052946 [info ] [MainThread]: 
[0m13:48:58.053285 [info ] [MainThread]: Done. PASS=15 WARN=0 ERROR=0 SKIP=0 NO-OP=0 REUSED=0 TOTAL=15
[0m13:48:58.053908 [warn ] [MainThread]: [[33mWARNING[0m][DeprecationsSummary]: Deprecated functionality
Summary of encountered deprecations:
- MissingArgumentsPropertyInGenericTestDeprecation: 1 occurrence
To see all deprecation instances instead of just the first occurrence of each,
run command again with the `--show-all-deprecations` flag. You may also need to
run with `--no-partial-parse` as some deprecations are only encountered during
parsing.
[0m13:48:58.054887 [debug] [MainThread]: Command `dbt build` succeeded at 13:48:58.054774 after 13.04 seconds
[0m13:48:58.055268 [debug] [MainThread]: Sending event: {'category': 'dbt', 'action': 'invocation', 'label': 'end', 'context': [<snowplow_tracker.self_describing_json.SelfDescribingJson object at 0x00000197F0B83E30>, <snowplow_tracker.self_describing_json.SelfDescribingJson object at 0x00000197870CAB70>, <snowplow_tracker.self_describing_json.SelfDescribingJson object at 0x00000197872B3B30>]}
[0m13:48:58.055653 [debug] [MainThread]: Flushing usage events
[0m13:48:58.698973 [debug] [MainThread]: An error was encountered while trying to flush usage events
[0m13:49:21.164280 [debug] [MainThread]: Sending event: {'category': 'dbt', 'action': 'invocation', 'label': 'start', 'context': [<snowplow_tracker.self_describing_json.SelfDescribingJson object at 0x0000019C53321D30>, <snowplow_tracker.self_describing_json.SelfDescribingJson object at 0x0000019C50221090>, <snowplow_tracker.self_describing_json.SelfDescribingJson object at 0x0000019C55903ED0>]}


============================== 13:49:21.171875 | 535f2e7d-b75d-43fc-879f-a342cfa3dc2e ==============================
[0m13:49:21.171875 [info ] [MainThread]: Running with dbt=1.12.5
[0m13:49:21.172538 [debug] [MainThread]: running dbt with arguments {'version_check': 'True', 'no_print': 'None', 'static_parser': 'True', 'target_path': 'None', 'warn_error_options': 'WarnErrorOptionsV2(error=[], warn=[], silence=[])', 'maximum_seed_size_mib': '1', 'printer_width': '80', 'write_json': 'True', 'empty': 'False', 'log_cache_events': 'False', 'introspect': 'True', 'cache_selected_only': 'False', 'fail_fast': 'False', 'debug': 'False', 'log_format': 'default', 'partial_parse': 'True', 'send_anonymous_usage_stats': 'True', 'quiet': 'False', 'warn_error': 'None', 'profiles_dir': 'C:\\Users\\Arun\\.dbt', 'use_colors': 'True', 'hints_enabled': 'True', 'indirect_selection': 'eager', 'use_experimental_parser': 'False', 'invocation_command': 'dbt build --select staging+', 'log_path': 'C:\\Users\\Arun\\OneDrive\\Desktop\\nl2sql-agentic-rag\\nl2sql-agentic-rag\\dbt_project\\logs'}
[0m13:49:23.213418 [debug] [MainThread]: Snowflake adapter: Setting snowflake.connector to ERROR (file logging only)
[0m13:49:23.215176 [debug] [MainThread]: Snowflake adapter: Setting botocore to ERROR (file logging only)
[0m13:49:23.216160 [debug] [MainThread]: Snowflake adapter: Setting boto3 to ERROR (file logging only)
[0m13:49:23.691943 [debug] [MainThread]: Sending event: {'category': 'dbt', 'action': 'project_id', 'label': '535f2e7d-b75d-43fc-879f-a342cfa3dc2e', 'context': [<snowplow_tracker.self_describing_json.SelfDescribingJson object at 0x0000019C53837230>]}
[0m13:49:23.839376 [debug] [MainThread]: Sending event: {'category': 'dbt', 'action': 'adapter_info', 'label': '535f2e7d-b75d-43fc-879f-a342cfa3dc2e', 'context': [<snowplow_tracker.self_describing_json.SelfDescribingJson object at 0x0000019C55935F20>]}
[0m13:49:23.841851 [info ] [MainThread]: Registered adapter: snowflake=1.12.1
[0m13:49:24.476506 [debug] [MainThread]: checksum: 7cb6fbc234c85391064f5eab34df2c59dc8405dacac8927df8c69f1cba9e8d16, vars: {}, profile: nl2sql_analytics, target: dev, version: 1.12.5
[0m13:49:24.794865 [debug] [MainThread]: Partial parsing enabled: 0 files deleted, 0 files added, 1 files changed.
[0m13:49:24.795879 [debug] [MainThread]: Partial parsing: updated file: nl2sql_analytics://models\staging\schema.yml
[0m13:49:25.814880 [debug] [MainThread]: Sending event: {'category': 'dbt', 'action': 'load_project', 'label': '535f2e7d-b75d-43fc-879f-a342cfa3dc2e', 'context': [<snowplow_tracker.self_describing_json.SelfDescribingJson object at 0x0000019C67842850>]}
[0m13:49:25.954944 [debug] [MainThread]: Wrote artifact WritableManifest to C:\Users\Arun\OneDrive\Desktop\nl2sql-agentic-rag\nl2sql-agentic-rag\dbt_project\target\manifest.json
[0m13:49:25.960556 [debug] [MainThread]: Wrote artifact SemanticManifest to C:\Users\Arun\OneDrive\Desktop\nl2sql-agentic-rag\nl2sql-agentic-rag\dbt_project\target\semantic_manifest.json
[0m13:49:26.018119 [debug] [MainThread]: Wrote artifact OsiDocument to C:\Users\Arun\OneDrive\Desktop\nl2sql-agentic-rag\nl2sql-agentic-rag\dbt_project\target\osi_document.json
[0m13:49:26.065170 [debug] [MainThread]: Sending event: {'category': 'dbt', 'action': 'resource_counts', 'label': '535f2e7d-b75d-43fc-879f-a342cfa3dc2e', 'context': [<snowplow_tracker.self_describing_json.SelfDescribingJson object at 0x0000019C68FE0050>]}
[0m13:49:26.066166 [info ] [MainThread]: Found 7 models, 8 data tests, 3 sources, 563 macros
[0m13:49:26.070735 [info ] [MainThread]: 
[0m13:49:26.071286 [info ] [MainThread]: Concurrency: 4 threads (target='dev')
[0m13:49:26.071664 [info ] [MainThread]: 
[0m13:49:26.072250 [debug] [MainThread]: Acquiring new snowflake connection 'master'
[0m13:49:26.077701 [debug] [ThreadPool]: Acquiring new snowflake connection 'list_NL2SQL_ANALYTICS'
[0m13:49:26.081665 [debug] [ThreadPool]: Acquiring new snowflake connection 'list_NL2SQL_ANALYTICS'
[0m13:49:26.093570 [debug] [ThreadPool]: Acquiring new snowflake connection 'list_NL2SQL_ANALYTICS'
[0m13:49:26.098600 [debug] [ThreadPool]: Using snowflake connection "list_NL2SQL_ANALYTICS"
[0m13:49:26.099862 [debug] [ThreadPool]: Using snowflake connection "list_NL2SQL_ANALYTICS"
[0m13:49:26.100380 [debug] [ThreadPool]: On list_NL2SQL_ANALYTICS: show terse schemas in database NL2SQL_ANALYTICS
    limit 10000
/* {"app": "dbt", "dbt_version": "1.12.5", "profile_name": "nl2sql_analytics", "target_name": "dev", "connection_name": "list_NL2SQL_ANALYTICS"} */
[0m13:49:26.100915 [debug] [ThreadPool]: Using snowflake connection "list_NL2SQL_ANALYTICS"
[0m13:49:26.101369 [debug] [ThreadPool]: On list_NL2SQL_ANALYTICS: show terse schemas in database NL2SQL_ANALYTICS
    limit 10000
/* {"app": "dbt", "dbt_version": "1.12.5", "profile_name": "nl2sql_analytics", "target_name": "dev", "connection_name": "list_NL2SQL_ANALYTICS"} */
[0m13:49:26.101816 [debug] [ThreadPool]: Opening a new connection, currently in state init
[0m13:49:26.102221 [debug] [ThreadPool]: On list_NL2SQL_ANALYTICS: show terse schemas in database NL2SQL_ANALYTICS
    limit 10000
/* {"app": "dbt", "dbt_version": "1.12.5", "profile_name": "nl2sql_analytics", "target_name": "dev", "connection_name": "list_NL2SQL_ANALYTICS"} */
[0m13:49:26.102661 [debug] [ThreadPool]: Opening a new connection, currently in state init
[0m13:49:26.103129 [debug] [ThreadPool]: Opening a new connection, currently in state init
[0m13:49:27.504208 [debug] [ThreadPool]: SQL status: SUCCESS 5 in 1.402 seconds
[0m13:49:27.656960 [debug] [ThreadPool]: SQL status: SUCCESS 5 in 1.554 seconds
[0m13:49:27.901979 [debug] [ThreadPool]: SQL status: SUCCESS 5 in 1.799 seconds
[0m13:49:27.908167 [debug] [ThreadPool]: Acquiring new snowflake connection 'list_NL2SQL_ANALYTICS_STAGING'
[0m13:49:27.915707 [debug] [ThreadPool]: Acquiring new snowflake connection 'list_NL2SQL_ANALYTICS_INTERMEDIATE'
[0m13:49:27.933557 [debug] [ThreadPool]: Acquiring new snowflake connection 'list_NL2SQL_ANALYTICS_MARTS'
[0m13:49:27.951094 [debug] [ThreadPool]: Using snowflake connection "list_NL2SQL_ANALYTICS_MARTS"
[0m13:49:27.947474 [debug] [ThreadPool]: Using snowflake connection "list_NL2SQL_ANALYTICS_INTERMEDIATE"
[0m13:49:27.960194 [debug] [ThreadPool]: Using snowflake connection "list_NL2SQL_ANALYTICS_STAGING"
[0m13:49:27.961444 [debug] [ThreadPool]: On list_NL2SQL_ANALYTICS_MARTS: show objects in NL2SQL_ANALYTICS.MARTS
    limit 10000
    

/* {"app": "dbt", "dbt_version": "1.12.5", "profile_name": "nl2sql_analytics", "target_name": "dev", "connection_name": "list_NL2SQL_ANALYTICS_MARTS"} */;
[0m13:49:27.962610 [debug] [ThreadPool]: On list_NL2SQL_ANALYTICS_INTERMEDIATE: show objects in NL2SQL_ANALYTICS.INTERMEDIATE
    limit 10000
    

/* {"app": "dbt", "dbt_version": "1.12.5", "profile_name": "nl2sql_analytics", "target_name": "dev", "connection_name": "list_NL2SQL_ANALYTICS_INTERMEDIATE"} */;
[0m13:49:27.963634 [debug] [ThreadPool]: On list_NL2SQL_ANALYTICS_STAGING: show objects in NL2SQL_ANALYTICS.STAGING
    limit 10000
    

/* {"app": "dbt", "dbt_version": "1.12.5", "profile_name": "nl2sql_analytics", "target_name": "dev", "connection_name": "list_NL2SQL_ANALYTICS_STAGING"} */;
[0m13:49:27.965051 [debug] [ThreadPool]: Opening a new connection, currently in state init
[0m13:49:27.966178 [debug] [ThreadPool]: Opening a new connection, currently in state init
[0m13:49:27.967194 [debug] [ThreadPool]: Opening a new connection, currently in state init
[0m13:49:28.755924 [debug] [ThreadPool]: SQL status: SUCCESS 3 in 0.789 seconds
[0m13:49:28.761964 [debug] [ThreadPool]: Using snowflake connection "list_NL2SQL_ANALYTICS_STAGING"
[0m13:49:28.762536 [debug] [ThreadPool]: On list_NL2SQL_ANALYTICS_STAGING: show user functions in NL2SQL_ANALYTICS.STAGING
/* {"app": "dbt", "dbt_version": "1.12.5", "profile_name": "nl2sql_analytics", "target_name": "dev", "connection_name": "list_NL2SQL_ANALYTICS_STAGING"} */
[0m13:49:28.763559 [debug] [ThreadPool]: SQL status: SUCCESS 3 in 0.799 seconds
[0m13:49:28.767953 [debug] [ThreadPool]: Using snowflake connection "list_NL2SQL_ANALYTICS_MARTS"
[0m13:49:28.768949 [debug] [ThreadPool]: SQL status: SUCCESS 1 in 0.803 seconds
[0m13:49:28.769434 [debug] [ThreadPool]: On list_NL2SQL_ANALYTICS_MARTS: show user functions in NL2SQL_ANALYTICS.MARTS
/* {"app": "dbt", "dbt_version": "1.12.5", "profile_name": "nl2sql_analytics", "target_name": "dev", "connection_name": "list_NL2SQL_ANALYTICS_MARTS"} */
[0m13:49:28.772743 [debug] [ThreadPool]: Using snowflake connection "list_NL2SQL_ANALYTICS_INTERMEDIATE"
[0m13:49:28.774394 [debug] [ThreadPool]: On list_NL2SQL_ANALYTICS_INTERMEDIATE: show user functions in NL2SQL_ANALYTICS.INTERMEDIATE
/* {"app": "dbt", "dbt_version": "1.12.5", "profile_name": "nl2sql_analytics", "target_name": "dev", "connection_name": "list_NL2SQL_ANALYTICS_INTERMEDIATE"} */
[0m13:49:28.893514 [debug] [ThreadPool]: SQL status: SUCCESS 0 in 0.118 seconds
[0m13:49:28.896741 [debug] [ThreadPool]: SQL status: SUCCESS 0 in 0.123 seconds
[0m13:49:28.901106 [debug] [ThreadPool]: SQL status: SUCCESS 0 in 0.137 seconds
[0m13:49:28.904026 [debug] [MainThread]: Sending event: {'category': 'dbt', 'action': 'runnable_timing', 'label': '535f2e7d-b75d-43fc-879f-a342cfa3dc2e', 'context': [<snowplow_tracker.self_describing_json.SelfDescribingJson object at 0x0000019C695E3A10>]}
[0m13:49:28.919493 [debug] [Thread-2 (]: Began running node model.nl2sql_analytics.stg_eval_results
[0m13:49:28.920084 [debug] [Thread-4 (]: Began running node model.nl2sql_analytics.stg_query_history
[0m13:49:28.920539 [debug] [Thread-3 (]: Began running node model.nl2sql_analytics.stg_eval_runs
[0m13:49:28.921116 [info ] [Thread-2 (]: 1 of 15 START sql view model STAGING.stg_eval_results .......................... [RUN]
[0m13:49:28.921778 [info ] [Thread-4 (]: 3 of 15 START sql view model STAGING.stg_query_history ......................... [RUN]
[0m13:49:28.922343 [info ] [Thread-3 (]: 2 of 15 START sql view model STAGING.stg_eval_runs ............................. [RUN]
[0m13:49:28.922997 [debug] [Thread-2 (]: Acquiring new snowflake connection 'model.nl2sql_analytics.stg_eval_results'
[0m13:49:28.923603 [debug] [Thread-4 (]: Acquiring new snowflake connection 'model.nl2sql_analytics.stg_query_history'
[0m13:49:28.924127 [debug] [Thread-3 (]: Acquiring new snowflake connection 'model.nl2sql_analytics.stg_eval_runs'
[0m13:49:28.924548 [debug] [Thread-2 (]: Began compiling node model.nl2sql_analytics.stg_eval_results
[0m13:49:28.924927 [debug] [Thread-4 (]: Began compiling node model.nl2sql_analytics.stg_query_history
[0m13:49:28.925296 [debug] [Thread-3 (]: Began compiling node model.nl2sql_analytics.stg_eval_runs
[0m13:49:28.932012 [debug] [Thread-2 (]: Writing injected SQL for node "model.nl2sql_analytics.stg_eval_results"
[0m13:49:28.934874 [debug] [Thread-4 (]: Writing injected SQL for node "model.nl2sql_analytics.stg_query_history"
[0m13:49:28.937034 [debug] [Thread-3 (]: Writing injected SQL for node "model.nl2sql_analytics.stg_eval_runs"
[0m13:49:28.939052 [debug] [Thread-2 (]: Began executing node model.nl2sql_analytics.stg_eval_results
[0m13:49:28.939983 [debug] [Thread-4 (]: Began executing node model.nl2sql_analytics.stg_query_history
[0m13:49:28.948366 [debug] [Thread-3 (]: Began executing node model.nl2sql_analytics.stg_eval_runs
[0m13:49:28.975785 [debug] [Thread-4 (]: Writing runtime sql for node "model.nl2sql_analytics.stg_query_history"
[0m13:49:28.977376 [debug] [Thread-2 (]: Writing runtime sql for node "model.nl2sql_analytics.stg_eval_results"
[0m13:49:28.979613 [debug] [Thread-3 (]: Writing runtime sql for node "model.nl2sql_analytics.stg_eval_runs"
[0m13:49:28.982955 [debug] [Thread-4 (]: Using snowflake connection "model.nl2sql_analytics.stg_query_history"
[0m13:49:28.983728 [debug] [Thread-4 (]: On model.nl2sql_analytics.stg_query_history: create or replace   view NL2SQL_ANALYTICS.STAGING.stg_query_history
  
  
  
  
  as (
    -- Thin pass-through over RAW.QUERY_HISTORY. One row per live agent invocation
-- logged by the MCP server.
--
-- Unlike the eval_* tables this is append-only telemetry with no run_id, so it
-- cannot be joined to a benchmark run. It answers "what is actually being
-- asked in production", not "how did configuration X score".

with source as (

    select * from NL2SQL_ANALYTICS.RAW.query_history

),

casted as (

    select
        cast(history_id    as number)        as history_id,
        cast(invoked_at    as timestamp_ntz) as invoked_at,
        cast(db_id         as varchar(50))   as db_id,
        cast(question      as varchar)       as question,
        cast(sql_generated as varchar)       as sql_generated,
        cast(success       as boolean)       as success,
        cast(retries       as number)        as retries,
        cast(source        as varchar(20))   as source

    from source

)

select * from casted
  )
/* {"app": "dbt", "dbt_version": "1.12.5", "profile_name": "nl2sql_analytics", "target_name": "dev", "node_id": "model.nl2sql_analytics.stg_query_history"} */;
[0m13:49:28.984468 [debug] [Thread-4 (]: Opening a new connection, currently in state init
[0m13:49:28.986724 [debug] [Thread-2 (]: Using snowflake connection "model.nl2sql_analytics.stg_eval_results"
[0m13:49:28.988936 [debug] [Thread-3 (]: Using snowflake connection "model.nl2sql_analytics.stg_eval_runs"
[0m13:49:28.989574 [debug] [Thread-2 (]: On model.nl2sql_analytics.stg_eval_results: create or replace   view NL2SQL_ANALYTICS.STAGING.stg_eval_results
  
  
  
  
  as (
    -- Thin pass-through over RAW.EVAL_RESULTS. One row per benchmark question.
--
-- Note `correct` is a real boolean here because eval/load_to_snowflake.py
-- converts the CSV's "True"/"False" text before loading. Downstream models can
-- therefore aggregate it directly rather than comparing against strings.

with source as (

    select * from NL2SQL_ANALYTICS.RAW.eval_results

),

casted as (

    select
        cast(result_id            as number)       as result_id,
        cast(run_id               as varchar(36))  as run_id,
        cast(question_id          as number)       as question_id,
        cast(db_id                as varchar(50))  as db_id,

        cast(question             as varchar)      as question,
        cast(evidence             as varchar)      as evidence,
        cast(gold_sql             as varchar)      as gold_sql,
        cast(predicted_sql        as varchar)      as predicted_sql,

        cast(correct              as boolean)      as correct,
        cast(difficulty           as varchar(20))  as difficulty,
        cast(retries              as number)       as retries,

        cast(error_classes_hit    as varchar)      as error_classes_hit,
        cast(fatal_error          as varchar)      as fatal_error,
        cast(schema_context_chars as number)       as schema_context_chars,
        cast(seconds              as float)        as seconds

    from source

)

select * from casted
  )
/* {"app": "dbt", "dbt_version": "1.12.5", "profile_name": "nl2sql_analytics", "target_name": "dev", "node_id": "model.nl2sql_analytics.stg_eval_results"} */;
[0m13:49:29.034336 [debug] [Thread-3 (]: On model.nl2sql_analytics.stg_eval_runs: create or replace   view NL2SQL_ANALYTICS.STAGING.stg_eval_runs
  
  
  
  
  as (
    -- Thin pass-through over RAW.EVAL_RUNS. No filtering, no joins, no business
-- logic -- the only job here is to pin down types so downstream models can
-- rely on them instead of re-deriving them.

with source as (

    select * from NL2SQL_ANALYTICS.RAW.eval_runs

),

casted as (

    select
        cast(run_id                      as varchar(36))   as run_id,
        cast(run_timestamp               as timestamp_ntz) as run_timestamp,
        cast(config_label                as varchar(100))  as config_label,
        cast(include_evidence_in_prompts as boolean)       as include_evidence_in_prompts,

        cast(planner_provider            as varchar(50))   as planner_provider,
        cast(planner_model               as varchar(100))  as planner_model,
        cast(generator_provider          as varchar(50))   as generator_provider,
        cast(generator_model             as varchar(100))  as generator_model,
        cast(classifier_provider         as varchar(50))   as classifier_provider,
        cast(classifier_model            as varchar(100))  as classifier_model,

        cast(total_questions             as number)        as total_questions,
        cast(source_file_hash            as varchar(64))   as source_file_hash

    from source

)

select * from casted
  )
/* {"app": "dbt", "dbt_version": "1.12.5", "profile_name": "nl2sql_analytics", "target_name": "dev", "node_id": "model.nl2sql_analytics.stg_eval_runs"} */;
[0m13:49:29.034976 [debug] [Thread-2 (]: Opening a new connection, currently in state init
[0m13:49:29.035849 [debug] [Thread-3 (]: Opening a new connection, currently in state init
[0m13:49:29.717018 [debug] [Thread-3 (]: SQL status: SUCCESS 1 in 0.681 seconds
[0m13:49:29.746562 [debug] [Thread-3 (]: Sending event: {'category': 'dbt', 'action': 'run_model', 'label': '535f2e7d-b75d-43fc-879f-a342cfa3dc2e', 'context': [<snowplow_tracker.self_describing_json.SelfDescribingJson object at 0x0000019C6972C1F0>]}
[0m13:49:29.747376 [info ] [Thread-3 (]: 2 of 15 OK created sql view model STAGING.stg_eval_runs ........................ [[32mSUCCESS 1[0m in 0.82s]
[0m13:49:29.748591 [debug] [Thread-3 (]: Finished running node model.nl2sql_analytics.stg_eval_runs
[0m13:49:29.749584 [debug] [Thread-5 (]: Began running node test.nl2sql_analytics.not_null_stg_eval_runs_run_id.5413f36675
[0m13:49:29.750547 [debug] [Thread-3 (]: Began running node test.nl2sql_analytics.unique_stg_eval_runs_run_id.d068e13fae
[0m13:49:29.751350 [info ] [Thread-5 (]: 4 of 15 START test not_null_stg_eval_runs_run_id ............................... [RUN]
[0m13:49:29.752280 [info ] [Thread-3 (]: 5 of 15 START test unique_stg_eval_runs_run_id ................................. [RUN]
[0m13:49:29.753041 [debug] [Thread-5 (]: Acquiring new snowflake connection 'test.nl2sql_analytics.not_null_stg_eval_runs_run_id.5413f36675'
[0m13:49:29.753555 [debug] [Thread-3 (]: Re-using an available connection from the pool (formerly model.nl2sql_analytics.stg_eval_runs, now test.nl2sql_analytics.unique_stg_eval_runs_run_id.d068e13fae)
[0m13:49:29.753985 [debug] [Thread-5 (]: Began compiling node test.nl2sql_analytics.not_null_stg_eval_runs_run_id.5413f36675
[0m13:49:29.754370 [debug] [Thread-3 (]: Began compiling node test.nl2sql_analytics.unique_stg_eval_runs_run_id.d068e13fae
[0m13:49:29.767875 [debug] [Thread-5 (]: Writing injected SQL for node "test.nl2sql_analytics.not_null_stg_eval_runs_run_id.5413f36675"
[0m13:49:29.778825 [debug] [Thread-3 (]: Writing injected SQL for node "test.nl2sql_analytics.unique_stg_eval_runs_run_id.d068e13fae"
[0m13:49:29.780363 [debug] [Thread-4 (]: SQL status: SUCCESS 1 in 0.796 seconds
[0m13:49:29.785200 [debug] [Thread-4 (]: Sending event: {'category': 'dbt', 'action': 'run_model', 'label': '535f2e7d-b75d-43fc-879f-a342cfa3dc2e', 'context': [<snowplow_tracker.self_describing_json.SelfDescribingJson object at 0x0000019C69506090>]}
[0m13:49:29.785954 [info ] [Thread-4 (]: 3 of 15 OK created sql view model STAGING.stg_query_history .................... [[32mSUCCESS 1[0m in 0.86s]
[0m13:49:29.786645 [debug] [Thread-4 (]: Finished running node model.nl2sql_analytics.stg_query_history
[0m13:49:29.787517 [debug] [Thread-5 (]: Began executing node test.nl2sql_analytics.not_null_stg_eval_runs_run_id.5413f36675
[0m13:49:29.810872 [debug] [Thread-5 (]: Writing runtime sql for node "test.nl2sql_analytics.not_null_stg_eval_runs_run_id.5413f36675"
[0m13:49:29.812318 [debug] [Thread-2 (]: SQL status: SUCCESS 1 in 0.777 seconds
[0m13:49:29.813100 [debug] [Thread-4 (]: Began running node test.nl2sql_analytics.not_null_stg_query_history_history_id.9e33d481a5
[0m13:49:29.813637 [debug] [Thread-3 (]: Began executing node test.nl2sql_analytics.unique_stg_eval_runs_run_id.d068e13fae
[0m13:49:29.817093 [debug] [Thread-2 (]: Sending event: {'category': 'dbt', 'action': 'run_model', 'label': '535f2e7d-b75d-43fc-879f-a342cfa3dc2e', 'context': [<snowplow_tracker.self_describing_json.SelfDescribingJson object at 0x0000019C694D6360>]}
[0m13:49:29.817827 [info ] [Thread-4 (]: 6 of 15 START test not_null_stg_query_history_history_id ....................... [RUN]
[0m13:49:29.820603 [debug] [Thread-3 (]: Writing runtime sql for node "test.nl2sql_analytics.unique_stg_eval_runs_run_id.d068e13fae"
[0m13:49:29.821536 [info ] [Thread-2 (]: 1 of 15 OK created sql view model STAGING.stg_eval_results ..................... [[32mSUCCESS 1[0m in 0.89s]
[0m13:49:29.822559 [debug] [Thread-4 (]: Re-using an available connection from the pool (formerly model.nl2sql_analytics.stg_query_history, now test.nl2sql_analytics.not_null_stg_query_history_history_id.9e33d481a5)
[0m13:49:29.823965 [debug] [Thread-2 (]: Finished running node model.nl2sql_analytics.stg_eval_results
[0m13:49:29.824914 [debug] [Thread-5 (]: Using snowflake connection "test.nl2sql_analytics.not_null_stg_eval_runs_run_id.5413f36675"
[0m13:49:29.825485 [debug] [Thread-4 (]: Began compiling node test.nl2sql_analytics.not_null_stg_query_history_history_id.9e33d481a5
[0m13:49:29.826147 [debug] [Thread-2 (]: Began running node test.nl2sql_analytics.unique_stg_query_history_history_id.98363e75ca
[0m13:49:29.826857 [debug] [Thread-5 (]: On test.nl2sql_analytics.not_null_stg_eval_runs_run_id.5413f36675: select
      count(*) as failures,
      count(*) != 0 as should_warn,
      count(*) != 0 as should_error
    from (
      
    
  
    
    



select run_id
from NL2SQL_ANALYTICS.STAGING.stg_eval_runs
where run_id is null



  
  
      
    ) dbt_internal_test
/* {"app": "dbt", "dbt_version": "1.12.5", "profile_name": "nl2sql_analytics", "target_name": "dev", "node_id": "test.nl2sql_analytics.not_null_stg_eval_runs_run_id.5413f36675"} */
[0m13:49:29.828007 [debug] [Thread-3 (]: Using snowflake connection "test.nl2sql_analytics.unique_stg_eval_runs_run_id.d068e13fae"
[0m13:49:29.836683 [debug] [Thread-4 (]: Writing injected SQL for node "test.nl2sql_analytics.not_null_stg_query_history_history_id.9e33d481a5"
[0m13:49:29.837688 [info ] [Thread-2 (]: 7 of 15 START test unique_stg_query_history_history_id ......................... [RUN]
[0m13:49:29.838614 [debug] [Thread-5 (]: Opening a new connection, currently in state init
[0m13:49:29.839181 [debug] [Thread-3 (]: On test.nl2sql_analytics.unique_stg_eval_runs_run_id.d068e13fae: select
      count(*) as failures,
      count(*) != 0 as should_warn,
      count(*) != 0 as should_error
    from (
      
    
  
    
    

select
    run_id as unique_field,
    count(*) as n_records

from NL2SQL_ANALYTICS.STAGING.stg_eval_runs
where run_id is not null
group by run_id
having count(*) > 1



  
  
      
    ) dbt_internal_test
/* {"app": "dbt", "dbt_version": "1.12.5", "profile_name": "nl2sql_analytics", "target_name": "dev", "node_id": "test.nl2sql_analytics.unique_stg_eval_runs_run_id.d068e13fae"} */
[0m13:49:29.839894 [debug] [Thread-2 (]: Re-using an available connection from the pool (formerly model.nl2sql_analytics.stg_eval_results, now test.nl2sql_analytics.unique_stg_query_history_history_id.98363e75ca)
[0m13:49:29.892015 [debug] [Thread-2 (]: Began compiling node test.nl2sql_analytics.unique_stg_query_history_history_id.98363e75ca
[0m13:49:29.892732 [debug] [Thread-4 (]: Began executing node test.nl2sql_analytics.not_null_stg_query_history_history_id.9e33d481a5
[0m13:49:29.901926 [debug] [Thread-2 (]: Writing injected SQL for node "test.nl2sql_analytics.unique_stg_query_history_history_id.98363e75ca"
[0m13:49:29.904010 [debug] [Thread-4 (]: Writing runtime sql for node "test.nl2sql_analytics.not_null_stg_query_history_history_id.9e33d481a5"
[0m13:49:29.906379 [debug] [Thread-2 (]: Began executing node test.nl2sql_analytics.unique_stg_query_history_history_id.98363e75ca
[0m13:49:29.908820 [debug] [Thread-2 (]: Writing runtime sql for node "test.nl2sql_analytics.unique_stg_query_history_history_id.98363e75ca"
[0m13:49:29.909832 [debug] [Thread-4 (]: Using snowflake connection "test.nl2sql_analytics.not_null_stg_query_history_history_id.9e33d481a5"
[0m13:49:29.910344 [debug] [Thread-4 (]: On test.nl2sql_analytics.not_null_stg_query_history_history_id.9e33d481a5: select
      count(*) as failures,
      count(*) != 0 as should_warn,
      count(*) != 0 as should_error
    from (
      
    
  
    
    



select history_id
from NL2SQL_ANALYTICS.STAGING.stg_query_history
where history_id is null



  
  
      
    ) dbt_internal_test
/* {"app": "dbt", "dbt_version": "1.12.5", "profile_name": "nl2sql_analytics", "target_name": "dev", "node_id": "test.nl2sql_analytics.not_null_stg_query_history_history_id.9e33d481a5"} */
[0m13:49:29.913597 [debug] [Thread-2 (]: Using snowflake connection "test.nl2sql_analytics.unique_stg_query_history_history_id.98363e75ca"
[0m13:49:29.914514 [debug] [Thread-2 (]: On test.nl2sql_analytics.unique_stg_query_history_history_id.98363e75ca: select
      count(*) as failures,
      count(*) != 0 as should_warn,
      count(*) != 0 as should_error
    from (
      
    
  
    
    

select
    history_id as unique_field,
    count(*) as n_records

from NL2SQL_ANALYTICS.STAGING.stg_query_history
where history_id is not null
group by history_id
having count(*) > 1



  
  
      
    ) dbt_internal_test
/* {"app": "dbt", "dbt_version": "1.12.5", "profile_name": "nl2sql_analytics", "target_name": "dev", "node_id": "test.nl2sql_analytics.unique_stg_query_history_history_id.98363e75ca"} */
[0m13:49:30.124293 [debug] [Thread-2 (]: SQL status: SUCCESS 1 in 0.209 seconds
[0m13:49:30.130013 [info ] [Thread-2 (]: 7 of 15 PASS unique_stg_query_history_history_id ............................... [[32mPASS[0m in 0.29s]
[0m13:49:30.130972 [debug] [Thread-2 (]: Finished running node test.nl2sql_analytics.unique_stg_query_history_history_id.98363e75ca
[0m13:49:30.131904 [debug] [Thread-2 (]: Began running node test.nl2sql_analytics.not_null_stg_eval_results_result_id.9b4ed491ca
[0m13:49:30.132694 [info ] [Thread-2 (]: 8 of 15 START test not_null_stg_eval_results_result_id ......................... [RUN]
[0m13:49:30.133630 [debug] [Thread-2 (]: Re-using an available connection from the pool (formerly test.nl2sql_analytics.unique_stg_query_history_history_id.98363e75ca, now test.nl2sql_analytics.not_null_stg_eval_results_result_id.9b4ed491ca)
[0m13:49:30.134265 [debug] [Thread-2 (]: Began compiling node test.nl2sql_analytics.not_null_stg_eval_results_result_id.9b4ed491ca
[0m13:49:30.140592 [debug] [Thread-2 (]: Writing injected SQL for node "test.nl2sql_analytics.not_null_stg_eval_results_result_id.9b4ed491ca"
[0m13:49:30.142412 [debug] [Thread-2 (]: Began executing node test.nl2sql_analytics.not_null_stg_eval_results_result_id.9b4ed491ca
[0m13:49:30.145485 [debug] [Thread-2 (]: Writing runtime sql for node "test.nl2sql_analytics.not_null_stg_eval_results_result_id.9b4ed491ca"
[0m13:49:30.147809 [debug] [Thread-2 (]: Using snowflake connection "test.nl2sql_analytics.not_null_stg_eval_results_result_id.9b4ed491ca"
[0m13:49:30.148846 [debug] [Thread-2 (]: On test.nl2sql_analytics.not_null_stg_eval_results_result_id.9b4ed491ca: select
      count(*) as failures,
      count(*) != 0 as should_warn,
      count(*) != 0 as should_error
    from (
      
    
  
    
    



select result_id
from NL2SQL_ANALYTICS.STAGING.stg_eval_results
where result_id is null



  
  
      
    ) dbt_internal_test
/* {"app": "dbt", "dbt_version": "1.12.5", "profile_name": "nl2sql_analytics", "target_name": "dev", "node_id": "test.nl2sql_analytics.not_null_stg_eval_results_result_id.9b4ed491ca"} */
[0m13:49:30.176081 [debug] [Thread-4 (]: SQL status: SUCCESS 1 in 0.265 seconds
[0m13:49:30.178869 [info ] [Thread-4 (]: 6 of 15 PASS not_null_stg_query_history_history_id ............................. [[32mPASS[0m in 0.36s]
[0m13:49:30.179780 [debug] [Thread-4 (]: Finished running node test.nl2sql_analytics.not_null_stg_query_history_history_id.9e33d481a5
[0m13:49:30.180289 [debug] [Thread-4 (]: Began running node test.nl2sql_analytics.not_null_stg_eval_results_run_id.7bfef45c78
[0m13:49:30.180755 [info ] [Thread-4 (]: 9 of 15 START test not_null_stg_eval_results_run_id ............................ [RUN]
[0m13:49:30.181927 [debug] [Thread-4 (]: Re-using an available connection from the pool (formerly test.nl2sql_analytics.not_null_stg_query_history_history_id.9e33d481a5, now test.nl2sql_analytics.not_null_stg_eval_results_run_id.7bfef45c78)
[0m13:49:30.182616 [debug] [Thread-4 (]: Began compiling node test.nl2sql_analytics.not_null_stg_eval_results_run_id.7bfef45c78
[0m13:49:30.193068 [debug] [Thread-4 (]: Writing injected SQL for node "test.nl2sql_analytics.not_null_stg_eval_results_run_id.7bfef45c78"
[0m13:49:30.194604 [debug] [Thread-4 (]: Began executing node test.nl2sql_analytics.not_null_stg_eval_results_run_id.7bfef45c78
[0m13:49:30.196819 [debug] [Thread-4 (]: Writing runtime sql for node "test.nl2sql_analytics.not_null_stg_eval_results_run_id.7bfef45c78"
[0m13:49:30.199122 [debug] [Thread-4 (]: Using snowflake connection "test.nl2sql_analytics.not_null_stg_eval_results_run_id.7bfef45c78"
[0m13:49:30.199922 [debug] [Thread-4 (]: On test.nl2sql_analytics.not_null_stg_eval_results_run_id.7bfef45c78: select
      count(*) as failures,
      count(*) != 0 as should_warn,
      count(*) != 0 as should_error
    from (
      
    
  
    
    



select run_id
from NL2SQL_ANALYTICS.STAGING.stg_eval_results
where run_id is null



  
  
      
    ) dbt_internal_test
/* {"app": "dbt", "dbt_version": "1.12.5", "profile_name": "nl2sql_analytics", "target_name": "dev", "node_id": "test.nl2sql_analytics.not_null_stg_eval_results_run_id.7bfef45c78"} */
[0m13:49:30.205396 [debug] [Thread-3 (]: SQL status: SUCCESS 1 in 0.365 seconds
[0m13:49:30.208345 [info ] [Thread-3 (]: 5 of 15 PASS unique_stg_eval_runs_run_id ....................................... [[32mPASS[0m in 0.45s]
[0m13:49:30.209245 [debug] [Thread-3 (]: Finished running node test.nl2sql_analytics.unique_stg_eval_runs_run_id.d068e13fae
[0m13:49:30.209750 [debug] [Thread-3 (]: Began running node test.nl2sql_analytics.relationships_stg_eval_results_run_id__run_id__ref_stg_eval_runs_.c5b93ec5b7
[0m13:49:30.210379 [info ] [Thread-3 (]: 10 of 15 START test relationships_stg_eval_results_run_id__run_id__ref_stg_eval_runs_  [RUN]
[0m13:49:30.211121 [debug] [Thread-3 (]: Re-using an available connection from the pool (formerly test.nl2sql_analytics.unique_stg_eval_runs_run_id.d068e13fae, now test.nl2sql_analytics.relationships_stg_eval_results_run_id__run_id__ref_stg_eval_runs_.c5b93ec5b7)
[0m13:49:30.211608 [debug] [Thread-3 (]: Began compiling node test.nl2sql_analytics.relationships_stg_eval_results_run_id__run_id__ref_stg_eval_runs_.c5b93ec5b7
[0m13:49:30.223594 [debug] [Thread-3 (]: Writing injected SQL for node "test.nl2sql_analytics.relationships_stg_eval_results_run_id__run_id__ref_stg_eval_runs_.c5b93ec5b7"
[0m13:49:30.225275 [debug] [Thread-3 (]: Began executing node test.nl2sql_analytics.relationships_stg_eval_results_run_id__run_id__ref_stg_eval_runs_.c5b93ec5b7
[0m13:49:30.227759 [debug] [Thread-3 (]: Writing runtime sql for node "test.nl2sql_analytics.relationships_stg_eval_results_run_id__run_id__ref_stg_eval_runs_.c5b93ec5b7"
[0m13:49:30.230917 [debug] [Thread-3 (]: Using snowflake connection "test.nl2sql_analytics.relationships_stg_eval_results_run_id__run_id__ref_stg_eval_runs_.c5b93ec5b7"
[0m13:49:30.232081 [debug] [Thread-3 (]: On test.nl2sql_analytics.relationships_stg_eval_results_run_id__run_id__ref_stg_eval_runs_.c5b93ec5b7: select
      count(*) as failures,
      count(*) != 0 as should_warn,
      count(*) != 0 as should_error
    from (
      
    
  
    
    

with child as (
    select run_id as from_field
    from NL2SQL_ANALYTICS.STAGING.stg_eval_results
    where run_id is not null
),

parent as (
    select run_id as to_field
    from NL2SQL_ANALYTICS.STAGING.stg_eval_runs
)

select
    from_field

from child
left join parent
    on child.from_field = parent.to_field

where parent.to_field is null



  
  
      
    ) dbt_internal_test
/* {"app": "dbt", "dbt_version": "1.12.5", "profile_name": "nl2sql_analytics", "target_name": "dev", "node_id": "test.nl2sql_analytics.relationships_stg_eval_results_run_id__run_id__ref_stg_eval_runs_.c5b93ec5b7"} */
[0m13:49:30.317544 [debug] [Thread-2 (]: SQL status: SUCCESS 1 in 0.168 seconds
[0m13:49:30.320180 [info ] [Thread-2 (]: 8 of 15 PASS not_null_stg_eval_results_result_id ............................... [[32mPASS[0m in 0.19s]
[0m13:49:30.321132 [debug] [Thread-2 (]: Finished running node test.nl2sql_analytics.not_null_stg_eval_results_result_id.9b4ed491ca
[0m13:49:30.321837 [debug] [Thread-2 (]: Began running node test.nl2sql_analytics.unique_stg_eval_results_result_id.9ee52254b8
[0m13:49:30.322915 [info ] [Thread-2 (]: 11 of 15 START test unique_stg_eval_results_result_id .......................... [RUN]
[0m13:49:30.324171 [debug] [Thread-2 (]: Re-using an available connection from the pool (formerly test.nl2sql_analytics.not_null_stg_eval_results_result_id.9b4ed491ca, now test.nl2sql_analytics.unique_stg_eval_results_result_id.9ee52254b8)
[0m13:49:30.324631 [debug] [Thread-2 (]: Began compiling node test.nl2sql_analytics.unique_stg_eval_results_result_id.9ee52254b8
[0m13:49:30.332867 [debug] [Thread-2 (]: Writing injected SQL for node "test.nl2sql_analytics.unique_stg_eval_results_result_id.9ee52254b8"
[0m13:49:30.335044 [debug] [Thread-2 (]: Began executing node test.nl2sql_analytics.unique_stg_eval_results_result_id.9ee52254b8
[0m13:49:30.337233 [debug] [Thread-2 (]: Writing runtime sql for node "test.nl2sql_analytics.unique_stg_eval_results_result_id.9ee52254b8"
[0m13:49:30.339602 [debug] [Thread-2 (]: Using snowflake connection "test.nl2sql_analytics.unique_stg_eval_results_result_id.9ee52254b8"
[0m13:49:30.340210 [debug] [Thread-2 (]: On test.nl2sql_analytics.unique_stg_eval_results_result_id.9ee52254b8: select
      count(*) as failures,
      count(*) != 0 as should_warn,
      count(*) != 0 as should_error
    from (
      
    
  
    
    

select
    result_id as unique_field,
    count(*) as n_records

from NL2SQL_ANALYTICS.STAGING.stg_eval_results
where result_id is not null
group by result_id
having count(*) > 1



  
  
      
    ) dbt_internal_test
/* {"app": "dbt", "dbt_version": "1.12.5", "profile_name": "nl2sql_analytics", "target_name": "dev", "node_id": "test.nl2sql_analytics.unique_stg_eval_results_result_id.9ee52254b8"} */
[0m13:49:30.362002 [debug] [Thread-4 (]: SQL status: SUCCESS 1 in 0.159 seconds
[0m13:49:30.364010 [info ] [Thread-4 (]: 9 of 15 PASS not_null_stg_eval_results_run_id .................................. [[32mPASS[0m in 0.18s]
[0m13:49:30.365472 [debug] [Thread-4 (]: Finished running node test.nl2sql_analytics.not_null_stg_eval_results_run_id.7bfef45c78
[0m13:49:30.422903 [debug] [Thread-5 (]: SQL status: SUCCESS 1 in 0.584 seconds
[0m13:49:30.424889 [info ] [Thread-5 (]: 4 of 15 PASS not_null_stg_eval_runs_run_id ..................................... [[32mPASS[0m in 0.67s]
[0m13:49:30.425676 [debug] [Thread-5 (]: Finished running node test.nl2sql_analytics.not_null_stg_eval_runs_run_id.5413f36675
[0m13:49:30.507667 [debug] [Thread-2 (]: SQL status: SUCCESS 1 in 0.167 seconds
[0m13:49:30.509836 [info ] [Thread-2 (]: 11 of 15 PASS unique_stg_eval_results_result_id ................................ [[32mPASS[0m in 0.19s]
[0m13:49:30.510610 [debug] [Thread-2 (]: Finished running node test.nl2sql_analytics.unique_stg_eval_results_result_id.9ee52254b8
[0m13:49:30.519590 [debug] [Thread-3 (]: SQL status: SUCCESS 1 in 0.287 seconds
[0m13:49:30.521570 [info ] [Thread-3 (]: 10 of 15 PASS relationships_stg_eval_results_run_id__run_id__ref_stg_eval_runs_  [[32mPASS[0m in 0.31s]
[0m13:49:30.522342 [debug] [Thread-3 (]: Finished running node test.nl2sql_analytics.relationships_stg_eval_results_run_id__run_id__ref_stg_eval_runs_.c5b93ec5b7
[0m13:49:30.523437 [debug] [Thread-4 (]: Began running node model.nl2sql_analytics.int_eval_results_enriched
[0m13:49:30.524038 [info ] [Thread-4 (]: 12 of 15 START sql view model INTERMEDIATE.int_eval_results_enriched ........... [RUN]
[0m13:49:30.524690 [debug] [Thread-4 (]: Re-using an available connection from the pool (formerly test.nl2sql_analytics.not_null_stg_eval_results_run_id.7bfef45c78, now model.nl2sql_analytics.int_eval_results_enriched)
[0m13:49:30.525138 [debug] [Thread-4 (]: Began compiling node model.nl2sql_analytics.int_eval_results_enriched
[0m13:49:30.527305 [debug] [Thread-4 (]: Writing injected SQL for node "model.nl2sql_analytics.int_eval_results_enriched"
[0m13:49:30.529180 [debug] [Thread-4 (]: Began executing node model.nl2sql_analytics.int_eval_results_enriched
[0m13:49:30.532051 [debug] [Thread-4 (]: Writing runtime sql for node "model.nl2sql_analytics.int_eval_results_enriched"
[0m13:49:30.535962 [debug] [Thread-4 (]: Using snowflake connection "model.nl2sql_analytics.int_eval_results_enriched"
[0m13:49:30.536697 [debug] [Thread-4 (]: On model.nl2sql_analytics.int_eval_results_enriched: create or replace   view NL2SQL_ANALYTICS.INTERMEDIATE.int_eval_results_enriched
  
  
  
  
  as (
    -- Per-question results with their run's configuration attached, so downstream
-- marts can slice accuracy by model/provider without re-joining every time.
--
-- INNER join is deliberate. Every result row should have a parent run --
-- eval/load_to_snowflake.py inserts EVAL_RUNS before loading EVAL_RESULTS, and
-- the FK is declared in the DDL. But Snowflake does not ENFORCE foreign keys,
-- so an orphan is possible in principle. An inner join drops orphans silently,
-- which is why the `relationships` test in models/staging/schema.yml exists:
-- it fails the build if any result's run_id is missing from stg_eval_runs,
-- turning a silent row-count discrepancy into a loud error.

with results as (

    select * from NL2SQL_ANALYTICS.STAGING.stg_eval_results

),

runs as (

    select * from NL2SQL_ANALYTICS.STAGING.stg_eval_runs

),

joined as (

    select
        -- everything from stg_eval_results
        results.result_id,
        results.run_id,
        results.question_id,
        results.db_id,
        results.question,
        results.evidence,
        results.gold_sql,
        results.predicted_sql,
        results.correct,
        results.difficulty,
        results.retries,
        results.error_classes_hit,
        results.fatal_error,
        results.schema_context_chars,
        results.seconds,

        -- run-level configuration
        runs.run_timestamp,
        runs.config_label,
        runs.planner_model,
        runs.generator_model,
        runs.classifier_model,
        runs.planner_provider,
        runs.generator_provider,
        runs.classifier_provider

    from results

    inner join runs
        on results.run_id = runs.run_id

)

select * from joined
  )
/* {"app": "dbt", "dbt_version": "1.12.5", "profile_name": "nl2sql_analytics", "target_name": "dev", "node_id": "model.nl2sql_analytics.int_eval_results_enriched"} */;
[0m13:49:31.069574 [debug] [Thread-4 (]: SQL status: SUCCESS 1 in 0.532 seconds
[0m13:49:31.073873 [debug] [Thread-4 (]: Sending event: {'category': 'dbt', 'action': 'run_model', 'label': '535f2e7d-b75d-43fc-879f-a342cfa3dc2e', 'context': [<snowplow_tracker.self_describing_json.SelfDescribingJson object at 0x0000019C6973B750>]}
[0m13:49:31.075129 [info ] [Thread-4 (]: 12 of 15 OK created sql view model INTERMEDIATE.int_eval_results_enriched ...... [[32mSUCCESS 1[0m in 0.55s]
[0m13:49:31.076474 [debug] [Thread-4 (]: Finished running node model.nl2sql_analytics.int_eval_results_enriched
[0m13:49:31.078119 [debug] [Thread-5 (]: Began running node model.nl2sql_analytics.mart_accuracy_by_database
[0m13:49:31.079081 [debug] [Thread-2 (]: Began running node model.nl2sql_analytics.mart_accuracy_by_difficulty
[0m13:49:31.080056 [debug] [Thread-3 (]: Began running node model.nl2sql_analytics.mart_accuracy_over_time
[0m13:49:31.081340 [info ] [Thread-5 (]: 13 of 15 START sql table model MARTS.mart_accuracy_by_database ................. [RUN]
[0m13:49:31.083269 [info ] [Thread-2 (]: 14 of 15 START sql table model MARTS.mart_accuracy_by_difficulty ............... [RUN]
[0m13:49:31.086499 [debug] [Thread-5 (]: Re-using an available connection from the pool (formerly test.nl2sql_analytics.not_null_stg_eval_runs_run_id.5413f36675, now model.nl2sql_analytics.mart_accuracy_by_database)
[0m13:49:31.085015 [info ] [Thread-3 (]: 15 of 15 START sql table model MARTS.mart_accuracy_over_time ................... [RUN]
[0m13:49:31.088065 [debug] [Thread-2 (]: Re-using an available connection from the pool (formerly test.nl2sql_analytics.unique_stg_eval_results_result_id.9ee52254b8, now model.nl2sql_analytics.mart_accuracy_by_difficulty)
[0m13:49:31.089118 [debug] [Thread-5 (]: Began compiling node model.nl2sql_analytics.mart_accuracy_by_database
[0m13:49:31.090189 [debug] [Thread-3 (]: Re-using an available connection from the pool (formerly test.nl2sql_analytics.relationships_stg_eval_results_run_id__run_id__ref_stg_eval_runs_.c5b93ec5b7, now model.nl2sql_analytics.mart_accuracy_over_time)
[0m13:49:31.091102 [debug] [Thread-2 (]: Began compiling node model.nl2sql_analytics.mart_accuracy_by_difficulty
[0m13:49:31.094778 [debug] [Thread-5 (]: Writing injected SQL for node "model.nl2sql_analytics.mart_accuracy_by_database"
[0m13:49:31.095913 [debug] [Thread-3 (]: Began compiling node model.nl2sql_analytics.mart_accuracy_over_time
[0m13:49:31.100021 [debug] [Thread-2 (]: Writing injected SQL for node "model.nl2sql_analytics.mart_accuracy_by_difficulty"
[0m13:49:31.104294 [debug] [Thread-3 (]: Writing injected SQL for node "model.nl2sql_analytics.mart_accuracy_over_time"
[0m13:49:31.107107 [debug] [Thread-5 (]: Began executing node model.nl2sql_analytics.mart_accuracy_by_database
[0m13:49:31.113684 [debug] [Thread-2 (]: Began executing node model.nl2sql_analytics.mart_accuracy_by_difficulty
[0m13:49:31.115222 [debug] [Thread-3 (]: Began executing node model.nl2sql_analytics.mart_accuracy_over_time
[0m13:49:31.193697 [debug] [Thread-5 (]: Writing runtime sql for node "model.nl2sql_analytics.mart_accuracy_by_database"
[0m13:49:31.195172 [debug] [Thread-2 (]: Writing runtime sql for node "model.nl2sql_analytics.mart_accuracy_by_difficulty"
[0m13:49:31.200863 [debug] [Thread-3 (]: Writing runtime sql for node "model.nl2sql_analytics.mart_accuracy_over_time"
[0m13:49:31.205387 [debug] [Thread-5 (]: Using snowflake connection "model.nl2sql_analytics.mart_accuracy_by_database"
[0m13:49:31.207672 [debug] [Thread-2 (]: Using snowflake connection "model.nl2sql_analytics.mart_accuracy_by_difficulty"
[0m13:49:31.208810 [debug] [Thread-5 (]: On model.nl2sql_analytics.mart_accuracy_by_database: create or replace transient table NL2SQL_ANALYTICS.MARTS.mart_accuracy_by_database
    
    
    
    
    

    as (-- Execution accuracy per database, split by run configuration.
--
-- Answers "which schemas does the agent struggle on, and did the config
-- change help?" -- the per-database table in the project README is this query.
--
-- Note accuracy here is EXECUTION accuracy: the predicted SQL returned the
-- same rows as the gold SQL. It does not mean the SQL is well-formed or that
-- it would generalise; see the README's "What this doesn't do".

with enriched as (

    select * from NL2SQL_ANALYTICS.INTERMEDIATE.int_eval_results_enriched

),

aggregated as (

    select
        db_id,
        config_label,

        count(*)                                  as total_questions,
        count_if(correct)                         as correct_count,
        -- Snowflake division yields a decimal (not integer truncation), so
        -- this is a true ratio. 4dp keeps 0.1667-style values exact enough to
        -- compare runs without pretending to more precision than 150-500
        -- questions supports.
        round(count_if(correct) / count(*), 4)    as accuracy

    from enriched

    group by db_id, config_label

)

select * from aggregated
order by db_id
    )

/* {"app": "dbt", "dbt_version": "1.12.5", "profile_name": "nl2sql_analytics", "target_name": "dev", "node_id": "model.nl2sql_analytics.mart_accuracy_by_database"} */;
[0m13:49:31.210122 [debug] [Thread-2 (]: On model.nl2sql_analytics.mart_accuracy_by_difficulty: create or replace transient table NL2SQL_ANALYTICS.MARTS.mart_accuracy_by_difficulty
    
    
    
    
    

    as (-- Execution accuracy per BIRD-SQL difficulty band, split by run configuration.
-- Same shape as mart_accuracy_by_database, different grain.

with enriched as (

    select * from NL2SQL_ANALYTICS.INTERMEDIATE.int_eval_results_enriched

),

aggregated as (

    select
        difficulty,
        config_label,

        count(*)                                  as total_questions,
        count_if(correct)                         as correct_count,
        round(count_if(correct) / count(*), 4)    as accuracy

    from enriched

    group by difficulty, config_label

)

select * from aggregated
order by difficulty
    )

/* {"app": "dbt", "dbt_version": "1.12.5", "profile_name": "nl2sql_analytics", "target_name": "dev", "node_id": "model.nl2sql_analytics.mart_accuracy_by_difficulty"} */;
[0m13:49:31.212569 [debug] [Thread-3 (]: Using snowflake connection "model.nl2sql_analytics.mart_accuracy_over_time"
[0m13:49:31.216985 [debug] [Thread-3 (]: On model.nl2sql_analytics.mart_accuracy_over_time: create or replace transient table NL2SQL_ANALYTICS.MARTS.mart_accuracy_over_time
    
    
    
    
    

    as (-- One row per benchmark run: the time series of overall accuracy.
--
-- Grain is deliberately the RUN, not run x database or run x difficulty.
-- Airflow's drift check reads this table and compares consecutive runs; if it
-- were further split, a "drop in accuracy" could just be a shift in which
-- databases a run covered rather than a real regression. Use
-- mart_accuracy_by_database / _by_difficulty for the breakdowns.

with enriched as (

    select * from NL2SQL_ANALYTICS.INTERMEDIATE.int_eval_results_enriched

),

aggregated as (

    select
        run_id,
        run_timestamp,
        config_label,

        count(*)                                  as total_questions,
        count_if(correct)                         as correct_count,
        round(count_if(correct) / count(*), 4)    as accuracy

    from enriched

    group by run_id, run_timestamp, config_label

)

select * from aggregated
order by run_timestamp
    )

/* {"app": "dbt", "dbt_version": "1.12.5", "profile_name": "nl2sql_analytics", "target_name": "dev", "node_id": "model.nl2sql_analytics.mart_accuracy_over_time"} */;
[0m13:49:32.206937 [debug] [Thread-5 (]: SQL status: SUCCESS 15 in 0.993 seconds
[0m13:49:32.211065 [debug] [Thread-5 (]: Sending event: {'category': 'dbt', 'action': 'run_model', 'label': '535f2e7d-b75d-43fc-879f-a342cfa3dc2e', 'context': [<snowplow_tracker.self_describing_json.SelfDescribingJson object at 0x0000019C696A54D0>]}
[0m13:49:32.211895 [info ] [Thread-5 (]: 13 of 15 OK created sql table model MARTS.mart_accuracy_by_database ............ [[32mSUCCESS 15[0m in 1.12s]
[0m13:49:32.212720 [debug] [Thread-5 (]: Finished running node model.nl2sql_analytics.mart_accuracy_by_database
[0m13:49:32.235004 [debug] [Thread-3 (]: SQL status: SUCCESS 2 in 1.016 seconds
[0m13:49:32.236297 [debug] [Thread-2 (]: SQL status: SUCCESS 6 in 1.021 seconds
[0m13:49:32.239169 [debug] [Thread-3 (]: Sending event: {'category': 'dbt', 'action': 'run_model', 'label': '535f2e7d-b75d-43fc-879f-a342cfa3dc2e', 'context': [<snowplow_tracker.self_describing_json.SelfDescribingJson object at 0x0000019C690A6EB0>]}
[0m13:49:32.241960 [debug] [Thread-2 (]: Sending event: {'category': 'dbt', 'action': 'run_model', 'label': '535f2e7d-b75d-43fc-879f-a342cfa3dc2e', 'context': [<snowplow_tracker.self_describing_json.SelfDescribingJson object at 0x0000019C690A6900>]}
[0m13:49:32.242888 [info ] [Thread-3 (]: 15 of 15 OK created sql table model MARTS.mart_accuracy_over_time .............. [[32mSUCCESS 2[0m in 1.15s]
[0m13:49:32.243918 [info ] [Thread-2 (]: 14 of 15 OK created sql table model MARTS.mart_accuracy_by_difficulty .......... [[32mSUCCESS 6[0m in 1.15s]
[0m13:49:32.244859 [debug] [Thread-3 (]: Finished running node model.nl2sql_analytics.mart_accuracy_over_time
[0m13:49:32.245590 [debug] [Thread-2 (]: Finished running node model.nl2sql_analytics.mart_accuracy_by_difficulty
[0m13:49:32.247951 [debug] [MainThread]: Connection 'master' was properly closed.
[0m13:49:32.248768 [debug] [MainThread]: Connection 'list_NL2SQL_ANALYTICS' was left open.
[0m13:49:32.249475 [debug] [MainThread]: On list_NL2SQL_ANALYTICS: Close
[0m13:49:32.377376 [debug] [MainThread]: Connection 'list_NL2SQL_ANALYTICS' was left open.
[0m13:49:32.377898 [debug] [MainThread]: On list_NL2SQL_ANALYTICS: Close
[0m13:49:32.523857 [debug] [MainThread]: Connection 'list_NL2SQL_ANALYTICS' was left open.
[0m13:49:32.524393 [debug] [MainThread]: On list_NL2SQL_ANALYTICS: Close
[0m13:49:32.664207 [debug] [MainThread]: Connection 'list_NL2SQL_ANALYTICS_STAGING' was left open.
[0m13:49:32.665306 [debug] [MainThread]: On list_NL2SQL_ANALYTICS_STAGING: Close
[0m13:49:32.796118 [debug] [MainThread]: Connection 'list_NL2SQL_ANALYTICS_INTERMEDIATE' was left open.
[0m13:49:32.796685 [debug] [MainThread]: On list_NL2SQL_ANALYTICS_INTERMEDIATE: Close
[0m13:49:32.922172 [debug] [MainThread]: Connection 'list_NL2SQL_ANALYTICS_MARTS' was left open.
[0m13:49:32.923993 [debug] [MainThread]: On list_NL2SQL_ANALYTICS_MARTS: Close
[0m13:49:33.076330 [debug] [MainThread]: Connection 'model.nl2sql_analytics.mart_accuracy_by_difficulty' was left open.
[0m13:49:33.077490 [debug] [MainThread]: On model.nl2sql_analytics.mart_accuracy_by_difficulty: Close
[0m13:49:33.215852 [debug] [MainThread]: Connection 'model.nl2sql_analytics.int_eval_results_enriched' was left open.
[0m13:49:33.217395 [debug] [MainThread]: On model.nl2sql_analytics.int_eval_results_enriched: Close
[0m13:49:33.349247 [debug] [MainThread]: Connection 'model.nl2sql_analytics.mart_accuracy_over_time' was left open.
[0m13:49:33.350187 [debug] [MainThread]: On model.nl2sql_analytics.mart_accuracy_over_time: Close
[0m13:49:33.460164 [debug] [MainThread]: Connection 'model.nl2sql_analytics.mart_accuracy_by_database' was left open.
[0m13:49:33.460864 [debug] [MainThread]: On model.nl2sql_analytics.mart_accuracy_by_database: Close
[0m13:49:33.589368 [info ] [MainThread]: 
[0m13:49:33.589973 [info ] [MainThread]: Finished running 3 table models, 8 data tests, 4 view models in 0 hours 0 minutes and 7.52 seconds (7.52s).
[0m13:49:33.593183 [debug] [MainThread]: Command end result
[0m13:49:33.637197 [debug] [MainThread]: Wrote artifact WritableManifest to C:\Users\Arun\OneDrive\Desktop\nl2sql-agentic-rag\nl2sql-agentic-rag\dbt_project\target\manifest.json
[0m13:49:33.641906 [debug] [MainThread]: Wrote artifact SemanticManifest to C:\Users\Arun\OneDrive\Desktop\nl2sql-agentic-rag\nl2sql-agentic-rag\dbt_project\target\semantic_manifest.json
[0m13:49:33.646775 [debug] [MainThread]: Wrote artifact OsiDocument to C:\Users\Arun\OneDrive\Desktop\nl2sql-agentic-rag\nl2sql-agentic-rag\dbt_project\target\osi_document.json
[0m13:49:33.656635 [debug] [MainThread]: Wrote artifact RunExecutionResult to C:\Users\Arun\OneDrive\Desktop\nl2sql-agentic-rag\nl2sql-agentic-rag\dbt_project\target\run_results.json
[0m13:49:33.657190 [info ] [MainThread]: 
[0m13:49:33.657719 [info ] [MainThread]: [32mCompleted successfully[0m
[0m13:49:33.658137 [info ] [MainThread]: 
[0m13:49:33.658560 [info ] [MainThread]: Done. PASS=15 WARN=0 ERROR=0 SKIP=0 NO-OP=0 REUSED=0 TOTAL=15
[0m13:49:33.659741 [debug] [MainThread]: Command `dbt build` succeeded at 13:49:33.659592 after 12.75 seconds
[0m13:49:33.660193 [debug] [MainThread]: Sending event: {'category': 'dbt', 'action': 'invocation', 'label': 'end', 'context': [<snowplow_tracker.self_describing_json.SelfDescribingJson object at 0x0000019C696AA6F0>, <snowplow_tracker.self_describing_json.SelfDescribingJson object at 0x0000019C55724110>, <snowplow_tracker.self_describing_json.SelfDescribingJson object at 0x0000019C694AF0B0>]}
[0m13:49:33.660622 [debug] [MainThread]: Flushing usage events
[0m13:49:34.277059 [debug] [MainThread]: An error was encountered while trying to flush usage events
[0m15:34:12.462447 [debug] [MainThread]: Sending event: {'category': 'dbt', 'action': 'invocation', 'label': 'start', 'context': [<snowplow_tracker.self_describing_json.SelfDescribingJson object at 0x000001CD4A0D1D30>, <snowplow_tracker.self_describing_json.SelfDescribingJson object at 0x000001CD46FC1090>, <snowplow_tracker.self_describing_json.SelfDescribingJson object at 0x000001CD4C6B3ED0>]}


============================== 15:34:12.486214 | f2972440-4f1a-457d-809c-a367dd5e3c39 ==============================
[0m15:34:12.486214 [info ] [MainThread]: Running with dbt=1.12.5
[0m15:34:12.490801 [debug] [MainThread]: running dbt with arguments {'static_parser': 'True', 'no_print': 'None', 'version_check': 'True', 'warn_error_options': 'WarnErrorOptionsV2(error=[], warn=[], silence=[])', 'maximum_seed_size_mib': '1', 'target_path': 'None', 'printer_width': '80', 'write_json': 'True', 'introspect': 'True', 'log_cache_events': 'False', 'empty': 'False', 'cache_selected_only': 'False', 'log_format': 'default', 'debug': 'False', 'fail_fast': 'False', 'profiles_dir': 'C:\\Users\\Arun\\.dbt', 'send_anonymous_usage_stats': 'True', 'quiet': 'False', 'warn_error': 'None', 'partial_parse': 'True', 'use_colors': 'True', 'hints_enabled': 'True', 'invocation_command': 'dbt build --select mart_accuracy_over_time', 'use_experimental_parser': 'False', 'indirect_selection': 'eager', 'log_path': 'C:\\Users\\Arun\\OneDrive\\Desktop\\nl2sql-agentic-rag\\nl2sql-agentic-rag\\dbt_project\\logs'}
[0m15:34:20.272035 [debug] [MainThread]: Snowflake adapter: Setting snowflake.connector to ERROR (file logging only)
[0m15:34:20.275315 [debug] [MainThread]: Snowflake adapter: Setting botocore to ERROR (file logging only)
[0m15:34:20.277047 [debug] [MainThread]: Snowflake adapter: Setting boto3 to ERROR (file logging only)
[0m15:34:23.812057 [debug] [MainThread]: Sending event: {'category': 'dbt', 'action': 'project_id', 'label': 'f2972440-4f1a-457d-809c-a367dd5e3c39', 'context': [<snowplow_tracker.self_describing_json.SelfDescribingJson object at 0x000001CD4A5E7230>]}
[0m15:34:24.400318 [debug] [MainThread]: Sending event: {'category': 'dbt', 'action': 'adapter_info', 'label': 'f2972440-4f1a-457d-809c-a367dd5e3c39', 'context': [<snowplow_tracker.self_describing_json.SelfDescribingJson object at 0x000001CD4C6E5F20>]}
[0m15:34:24.408422 [info ] [MainThread]: Registered adapter: snowflake=1.12.1
[0m15:34:27.819150 [debug] [MainThread]: checksum: 7cb6fbc234c85391064f5eab34df2c59dc8405dacac8927df8c69f1cba9e8d16, vars: {}, profile: nl2sql_analytics, target: dev, version: 1.12.5
[0m15:34:29.552361 [debug] [MainThread]: Partial parsing enabled: 0 files deleted, 0 files added, 1 files changed.
[0m15:34:29.555914 [debug] [MainThread]: Partial parsing: updated file: nl2sql_analytics://models\marts\mart_accuracy_over_time.sql
[0m15:34:31.557381 [debug] [MainThread]: Sending event: {'category': 'dbt', 'action': 'load_project', 'label': 'f2972440-4f1a-457d-809c-a367dd5e3c39', 'context': [<snowplow_tracker.self_describing_json.SelfDescribingJson object at 0x000001CD5E616750>]}
[0m15:34:32.163188 [debug] [MainThread]: Wrote artifact WritableManifest to C:\Users\Arun\OneDrive\Desktop\nl2sql-agentic-rag\nl2sql-agentic-rag\dbt_project\target\manifest.json
[0m15:34:32.181957 [debug] [MainThread]: Wrote artifact SemanticManifest to C:\Users\Arun\OneDrive\Desktop\nl2sql-agentic-rag\nl2sql-agentic-rag\dbt_project\target\semantic_manifest.json
[0m15:34:32.392901 [debug] [MainThread]: Wrote artifact OsiDocument to C:\Users\Arun\OneDrive\Desktop\nl2sql-agentic-rag\nl2sql-agentic-rag\dbt_project\target\osi_document.json
[0m15:34:32.589322 [debug] [MainThread]: Sending event: {'category': 'dbt', 'action': 'resource_counts', 'label': 'f2972440-4f1a-457d-809c-a367dd5e3c39', 'context': [<snowplow_tracker.self_describing_json.SelfDescribingJson object at 0x000001CD5FB7E120>]}
[0m15:34:32.591318 [info ] [MainThread]: Found 7 models, 8 data tests, 3 sources, 563 macros
[0m15:34:32.602389 [info ] [MainThread]: 
[0m15:34:32.604136 [info ] [MainThread]: Concurrency: 4 threads (target='dev')
[0m15:34:32.606318 [info ] [MainThread]: 
[0m15:34:32.609649 [debug] [MainThread]: Acquiring new snowflake connection 'master'
[0m15:34:32.614926 [debug] [ThreadPool]: Acquiring new snowflake connection 'list_NL2SQL_ANALYTICS'
[0m15:34:32.677841 [debug] [ThreadPool]: Using snowflake connection "list_NL2SQL_ANALYTICS"
[0m15:34:32.679409 [debug] [ThreadPool]: On list_NL2SQL_ANALYTICS: show terse schemas in database NL2SQL_ANALYTICS
    limit 10000
/* {"app": "dbt", "dbt_version": "1.12.5", "profile_name": "nl2sql_analytics", "target_name": "dev", "connection_name": "list_NL2SQL_ANALYTICS"} */
[0m15:34:32.680760 [debug] [ThreadPool]: Opening a new connection, currently in state init
[0m15:34:35.281215 [debug] [ThreadPool]: SQL status: SUCCESS 5 in 2.600 seconds
[0m15:34:35.305974 [debug] [ThreadPool]: Acquiring new snowflake connection 'list_NL2SQL_ANALYTICS_STAGING'
[0m15:34:35.326812 [debug] [ThreadPool]: Acquiring new snowflake connection 'list_NL2SQL_ANALYTICS_INTERMEDIATE'
[0m15:34:35.350884 [debug] [ThreadPool]: Acquiring new snowflake connection 'list_NL2SQL_ANALYTICS_MARTS'
[0m15:34:35.356437 [debug] [ThreadPool]: Using snowflake connection "list_NL2SQL_ANALYTICS_INTERMEDIATE"
[0m15:34:35.349802 [debug] [ThreadPool]: Using snowflake connection "list_NL2SQL_ANALYTICS_STAGING"
[0m15:34:35.363655 [debug] [ThreadPool]: Using snowflake connection "list_NL2SQL_ANALYTICS_MARTS"
[0m15:34:35.366049 [debug] [ThreadPool]: On list_NL2SQL_ANALYTICS_INTERMEDIATE: show objects in NL2SQL_ANALYTICS.INTERMEDIATE
    limit 10000
    

/* {"app": "dbt", "dbt_version": "1.12.5", "profile_name": "nl2sql_analytics", "target_name": "dev", "connection_name": "list_NL2SQL_ANALYTICS_INTERMEDIATE"} */;
[0m15:34:35.367427 [debug] [ThreadPool]: On list_NL2SQL_ANALYTICS_STAGING: show objects in NL2SQL_ANALYTICS.STAGING
    limit 10000
    

/* {"app": "dbt", "dbt_version": "1.12.5", "profile_name": "nl2sql_analytics", "target_name": "dev", "connection_name": "list_NL2SQL_ANALYTICS_STAGING"} */;
[0m15:34:35.368840 [debug] [ThreadPool]: On list_NL2SQL_ANALYTICS_MARTS: show objects in NL2SQL_ANALYTICS.MARTS
    limit 10000
    

/* {"app": "dbt", "dbt_version": "1.12.5", "profile_name": "nl2sql_analytics", "target_name": "dev", "connection_name": "list_NL2SQL_ANALYTICS_MARTS"} */;
[0m15:34:35.370117 [debug] [ThreadPool]: Opening a new connection, currently in state init
[0m15:34:35.371351 [debug] [ThreadPool]: Opening a new connection, currently in state init
[0m15:34:35.372668 [debug] [ThreadPool]: Opening a new connection, currently in state init
[0m15:34:36.578366 [debug] [ThreadPool]: SQL status: SUCCESS 3 in 1.205 seconds
[0m15:34:36.606137 [debug] [ThreadPool]: Using snowflake connection "list_NL2SQL_ANALYTICS_MARTS"
[0m15:34:36.608079 [debug] [ThreadPool]: On list_NL2SQL_ANALYTICS_MARTS: show user functions in NL2SQL_ANALYTICS.MARTS
/* {"app": "dbt", "dbt_version": "1.12.5", "profile_name": "nl2sql_analytics", "target_name": "dev", "connection_name": "list_NL2SQL_ANALYTICS_MARTS"} */
[0m15:34:36.689234 [debug] [ThreadPool]: SQL status: SUCCESS 3 in 1.318 seconds
[0m15:34:36.702161 [debug] [ThreadPool]: Using snowflake connection "list_NL2SQL_ANALYTICS_STAGING"
[0m15:34:36.705566 [debug] [ThreadPool]: On list_NL2SQL_ANALYTICS_STAGING: show user functions in NL2SQL_ANALYTICS.STAGING
/* {"app": "dbt", "dbt_version": "1.12.5", "profile_name": "nl2sql_analytics", "target_name": "dev", "connection_name": "list_NL2SQL_ANALYTICS_STAGING"} */
[0m15:34:36.715228 [debug] [ThreadPool]: SQL status: SUCCESS 1 in 1.345 seconds
[0m15:34:36.733205 [debug] [ThreadPool]: Using snowflake connection "list_NL2SQL_ANALYTICS_INTERMEDIATE"
[0m15:34:36.735986 [debug] [ThreadPool]: On list_NL2SQL_ANALYTICS_INTERMEDIATE: show user functions in NL2SQL_ANALYTICS.INTERMEDIATE
/* {"app": "dbt", "dbt_version": "1.12.5", "profile_name": "nl2sql_analytics", "target_name": "dev", "connection_name": "list_NL2SQL_ANALYTICS_INTERMEDIATE"} */
[0m15:34:36.846699 [debug] [ThreadPool]: SQL status: SUCCESS 0 in 0.138 seconds
[0m15:34:36.861622 [debug] [ThreadPool]: SQL status: SUCCESS 0 in 0.252 seconds
[0m15:34:36.877661 [debug] [ThreadPool]: SQL status: SUCCESS 0 in 0.140 seconds
[0m15:34:36.888285 [debug] [MainThread]: Sending event: {'category': 'dbt', 'action': 'runnable_timing', 'label': 'f2972440-4f1a-457d-809c-a367dd5e3c39', 'context': [<snowplow_tracker.self_describing_json.SelfDescribingJson object at 0x000001CD60063070>]}
[0m15:34:36.916069 [debug] [Thread-2 (]: Began running node model.nl2sql_analytics.mart_accuracy_over_time
[0m15:34:36.918695 [info ] [Thread-2 (]: 1 of 1 START sql table model MARTS.mart_accuracy_over_time ..................... [RUN]
[0m15:34:36.921519 [debug] [Thread-2 (]: Acquiring new snowflake connection 'model.nl2sql_analytics.mart_accuracy_over_time'
[0m15:34:36.925201 [debug] [Thread-2 (]: Began compiling node model.nl2sql_analytics.mart_accuracy_over_time
[0m15:34:36.968961 [debug] [Thread-2 (]: Writing injected SQL for node "model.nl2sql_analytics.mart_accuracy_over_time"
[0m15:34:36.976698 [debug] [Thread-2 (]: Began executing node model.nl2sql_analytics.mart_accuracy_over_time
[0m15:34:37.139539 [debug] [Thread-2 (]: Writing runtime sql for node "model.nl2sql_analytics.mart_accuracy_over_time"
[0m15:34:37.147632 [debug] [Thread-2 (]: Using snowflake connection "model.nl2sql_analytics.mart_accuracy_over_time"
[0m15:34:37.149610 [debug] [Thread-2 (]: On model.nl2sql_analytics.mart_accuracy_over_time: create or replace transient table NL2SQL_ANALYTICS.MARTS.mart_accuracy_over_time
    
    
    
    
    

    as (-- One row per benchmark run: the time series of overall accuracy.
--
-- Grain is deliberately the RUN, not run x database or run x difficulty.
-- Airflow's drift check reads this table and compares consecutive runs; if it
-- were further split, a "drop in accuracy" could just be a shift in which
-- databases a run covered rather than a real regression. Use
-- mart_accuracy_by_database / _by_difficulty for the breakdowns.
--
-- COVERAGE IS NOT CONSTANT ACROSS RUNS -- read `accuracy` with `distinct_db_count`.
-- The two seeded runs do not cover the same databases:
--   baseline       spans 11 databases (500 questions)
--   with_evidence  spans  4 databases (150 questions):
--                  debit_card_specializing, european_football_2,
--                  student_club, thrombosis_prediction
-- Those 4 were already above-average performers under baseline, so the raw
-- 0.4420 -> 0.5267 delta visible in this table is NOT a controlled
-- comparison. It conflates "evidence helps" with "this run skipped the hard
-- databases". The README's +8.67pp evidence-ablation figure comes from a
-- MATCHED 150-question slice, which this mart does not reproduce.
--
-- distinct_db_count exists to make that machine-detectable rather than a
-- footnote: a drift check should compare two runs only when their
-- distinct_db_count matches (and ideally only when the underlying db_id sets
-- match -- equal counts are necessary, not sufficient), and refuse otherwise.

with enriched as (

    select * from NL2SQL_ANALYTICS.INTERMEDIATE.int_eval_results_enriched

),

aggregated as (

    select
        run_id,
        run_timestamp,
        config_label,

        count(*)                                  as total_questions,
        count_if(correct)                         as correct_count,
        round(count_if(correct) / count(*), 4)    as accuracy,
        count(distinct db_id)                     as distinct_db_count

    from enriched

    group by run_id, run_timestamp, config_label

)

select * from aggregated
order by run_timestamp
    )

/* {"app": "dbt", "dbt_version": "1.12.5", "profile_name": "nl2sql_analytics", "target_name": "dev", "node_id": "model.nl2sql_analytics.mart_accuracy_over_time"} */;
[0m15:34:37.152632 [debug] [Thread-2 (]: Opening a new connection, currently in state init
[0m15:34:39.912312 [debug] [Thread-2 (]: SQL status: SUCCESS 2 in 2.760 seconds
[0m15:34:40.059612 [debug] [Thread-2 (]: Sending event: {'category': 'dbt', 'action': 'run_model', 'label': 'f2972440-4f1a-457d-809c-a367dd5e3c39', 'context': [<snowplow_tracker.self_describing_json.SelfDescribingJson object at 0x000001CD602035F0>]}
[0m15:34:40.063998 [info ] [Thread-2 (]: 1 of 1 OK created sql table model MARTS.mart_accuracy_over_time ................ [[32mSUCCESS 2[0m in 3.11s]
[0m15:34:40.068470 [debug] [Thread-2 (]: Finished running node model.nl2sql_analytics.mart_accuracy_over_time
[0m15:34:40.073880 [debug] [MainThread]: Connection 'master' was properly closed.
[0m15:34:40.074693 [debug] [MainThread]: Connection 'list_NL2SQL_ANALYTICS' was left open.
[0m15:34:40.076101 [debug] [MainThread]: On list_NL2SQL_ANALYTICS: Close
[0m15:34:40.218841 [debug] [MainThread]: Connection 'list_NL2SQL_ANALYTICS_STAGING' was left open.
[0m15:34:40.220279 [debug] [MainThread]: On list_NL2SQL_ANALYTICS_STAGING: Close
[0m15:34:40.356122 [debug] [MainThread]: Connection 'list_NL2SQL_ANALYTICS_INTERMEDIATE' was left open.
[0m15:34:40.358259 [debug] [MainThread]: On list_NL2SQL_ANALYTICS_INTERMEDIATE: Close
[0m15:34:40.515334 [debug] [MainThread]: Connection 'list_NL2SQL_ANALYTICS_MARTS' was left open.
[0m15:34:40.516911 [debug] [MainThread]: On list_NL2SQL_ANALYTICS_MARTS: Close
[0m15:34:40.658249 [debug] [MainThread]: Connection 'model.nl2sql_analytics.mart_accuracy_over_time' was left open.
[0m15:34:40.659632 [debug] [MainThread]: On model.nl2sql_analytics.mart_accuracy_over_time: Close
[0m15:34:40.948731 [info ] [MainThread]: 
[0m15:34:40.950607 [info ] [MainThread]: Finished running 1 table model in 0 hours 0 minutes and 8.34 seconds (8.34s).
[0m15:34:40.953906 [debug] [MainThread]: Command end result
[0m15:34:41.154360 [debug] [MainThread]: Wrote artifact WritableManifest to C:\Users\Arun\OneDrive\Desktop\nl2sql-agentic-rag\nl2sql-agentic-rag\dbt_project\target\manifest.json
[0m15:34:41.168820 [debug] [MainThread]: Wrote artifact SemanticManifest to C:\Users\Arun\OneDrive\Desktop\nl2sql-agentic-rag\nl2sql-agentic-rag\dbt_project\target\semantic_manifest.json
[0m15:34:41.187910 [debug] [MainThread]: Wrote artifact OsiDocument to C:\Users\Arun\OneDrive\Desktop\nl2sql-agentic-rag\nl2sql-agentic-rag\dbt_project\target\osi_document.json
[0m15:34:41.230328 [debug] [MainThread]: Wrote artifact RunExecutionResult to C:\Users\Arun\OneDrive\Desktop\nl2sql-agentic-rag\nl2sql-agentic-rag\dbt_project\target\run_results.json
[0m15:34:41.232201 [info ] [MainThread]: 
[0m15:34:41.235746 [info ] [MainThread]: [32mCompleted successfully[0m
[0m15:34:41.237310 [info ] [MainThread]: 
[0m15:34:41.238522 [info ] [MainThread]: Done. PASS=1 WARN=0 ERROR=0 SKIP=0 NO-OP=0 REUSED=0 TOTAL=1
[0m15:34:41.243793 [debug] [MainThread]: Command `dbt build` succeeded at 15:34:41.243052 after 29.64 seconds
[0m15:34:41.246388 [debug] [MainThread]: Sending event: {'category': 'dbt', 'action': 'invocation', 'label': 'end', 'context': [<snowplow_tracker.self_describing_json.SelfDescribingJson object at 0x000001CD4C7E8110>, <snowplow_tracker.self_describing_json.SelfDescribingJson object at 0x000001CD6006C520>, <snowplow_tracker.self_describing_json.SelfDescribingJson object at 0x000001CD6006E0A0>]}
[0m15:34:41.248469 [debug] [MainThread]: Flushing usage events
[0m15:34:42.800654 [debug] [MainThread]: An error was encountered while trying to flush usage events
[0m15:44:39.943800 [debug] [MainThread]: Sending event: {'category': 'dbt', 'action': 'invocation', 'label': 'start', 'context': [<snowplow_tracker.self_describing_json.SelfDescribingJson object at 0x000001D339DC1D30>, <snowplow_tracker.self_describing_json.SelfDescribingJson object at 0x000001D336CD1090>, <snowplow_tracker.self_describing_json.SelfDescribingJson object at 0x000001D33C3A3ED0>]}


============================== 15:44:40.062592 | 8734efcc-a32f-4e4f-a6e6-ecfb8344d4bc ==============================
[0m15:44:40.062592 [info ] [MainThread]: Running with dbt=1.12.5
[0m15:44:40.069699 [debug] [MainThread]: running dbt with arguments {'version_check': 'True', 'no_print': 'None', 'maximum_seed_size_mib': '1', 'target_path': 'None', 'warn_error_options': 'WarnErrorOptionsV2(error=[], warn=[], silence=[])', 'static_parser': 'True', 'printer_width': '80', 'write_json': 'True', 'introspect': 'True', 'log_cache_events': 'False', 'empty': 'False', 'cache_selected_only': 'False', 'fail_fast': 'False', 'debug': 'False', 'log_format': 'default', 'partial_parse': 'True', 'send_anonymous_usage_stats': 'True', 'quiet': 'False', 'warn_error': 'None', 'profiles_dir': 'C:\\Users\\Arun\\.dbt', 'use_colors': 'True', 'hints_enabled': 'True', 'indirect_selection': 'eager', 'use_experimental_parser': 'False', 'invocation_command': 'dbt build --select mart_accuracy_over_time', 'log_path': 'C:\\Users\\Arun\\OneDrive\\Desktop\\nl2sql-agentic-rag\\nl2sql-agentic-rag\\dbt_project\\logs'}
[0m15:44:53.814329 [debug] [MainThread]: Snowflake adapter: Setting snowflake.connector to ERROR (file logging only)
[0m15:44:53.817215 [debug] [MainThread]: Snowflake adapter: Setting botocore to ERROR (file logging only)
[0m15:44:53.819377 [debug] [MainThread]: Snowflake adapter: Setting boto3 to ERROR (file logging only)
[0m15:44:56.960765 [debug] [MainThread]: Sending event: {'category': 'dbt', 'action': 'project_id', 'label': '8734efcc-a32f-4e4f-a6e6-ecfb8344d4bc', 'context': [<snowplow_tracker.self_describing_json.SelfDescribingJson object at 0x000001D33A2D7230>]}
[0m15:44:57.530293 [debug] [MainThread]: Sending event: {'category': 'dbt', 'action': 'adapter_info', 'label': '8734efcc-a32f-4e4f-a6e6-ecfb8344d4bc', 'context': [<snowplow_tracker.self_describing_json.SelfDescribingJson object at 0x000001D33C3D5F20>]}
[0m15:44:57.537650 [info ] [MainThread]: Registered adapter: snowflake=1.12.1
[0m15:45:01.732867 [debug] [MainThread]: checksum: 7cb6fbc234c85391064f5eab34df2c59dc8405dacac8927df8c69f1cba9e8d16, vars: {}, profile: nl2sql_analytics, target: dev, version: 1.12.5
[0m15:45:03.236227 [debug] [MainThread]: Partial parsing enabled: 0 files deleted, 0 files added, 1 files changed.
[0m15:45:03.243295 [debug] [MainThread]: Partial parsing: updated file: nl2sql_analytics://models\marts\mart_accuracy_over_time.sql
[0m15:45:06.637755 [debug] [MainThread]: Sending event: {'category': 'dbt', 'action': 'load_project', 'label': '8734efcc-a32f-4e4f-a6e6-ecfb8344d4bc', 'context': [<snowplow_tracker.self_describing_json.SelfDescribingJson object at 0x000001D34E3F6750>]}
[0m15:45:07.759038 [debug] [MainThread]: Wrote artifact WritableManifest to C:\Users\Arun\OneDrive\Desktop\nl2sql-agentic-rag\nl2sql-agentic-rag\dbt_project\target\manifest.json
[0m15:45:07.802405 [debug] [MainThread]: Wrote artifact SemanticManifest to C:\Users\Arun\OneDrive\Desktop\nl2sql-agentic-rag\nl2sql-agentic-rag\dbt_project\target\semantic_manifest.json
[0m15:45:08.239124 [debug] [MainThread]: Wrote artifact OsiDocument to C:\Users\Arun\OneDrive\Desktop\nl2sql-agentic-rag\nl2sql-agentic-rag\dbt_project\target\osi_document.json
[0m15:45:08.776780 [debug] [MainThread]: Sending event: {'category': 'dbt', 'action': 'resource_counts', 'label': '8734efcc-a32f-4e4f-a6e6-ecfb8344d4bc', 'context': [<snowplow_tracker.self_describing_json.SelfDescribingJson object at 0x000001D34F982120>]}
[0m15:45:08.800738 [info ] [MainThread]: Found 7 models, 8 data tests, 3 sources, 563 macros
[0m15:45:08.827327 [info ] [MainThread]: 
[0m15:45:08.831572 [info ] [MainThread]: Concurrency: 4 threads (target='dev')
[0m15:45:08.836046 [info ] [MainThread]: 
[0m15:45:08.840099 [debug] [MainThread]: Acquiring new snowflake connection 'master'
[0m15:45:08.869877 [debug] [ThreadPool]: Acquiring new snowflake connection 'list_NL2SQL_ANALYTICS'
[0m15:45:09.102379 [debug] [ThreadPool]: Using snowflake connection "list_NL2SQL_ANALYTICS"
[0m15:45:09.108616 [debug] [ThreadPool]: On list_NL2SQL_ANALYTICS: show terse schemas in database NL2SQL_ANALYTICS
    limit 10000
/* {"app": "dbt", "dbt_version": "1.12.5", "profile_name": "nl2sql_analytics", "target_name": "dev", "connection_name": "list_NL2SQL_ANALYTICS"} */
[0m15:45:09.110181 [debug] [ThreadPool]: Opening a new connection, currently in state init
[0m15:45:15.969572 [debug] [ThreadPool]: SQL status: SUCCESS 5 in 6.859 seconds
[0m15:45:16.158172 [debug] [ThreadPool]: Acquiring new snowflake connection 'list_NL2SQL_ANALYTICS_STAGING'
[0m15:45:16.261785 [debug] [ThreadPool]: Acquiring new snowflake connection 'list_NL2SQL_ANALYTICS_INTERMEDIATE'
[0m15:45:16.292065 [debug] [ThreadPool]: Using snowflake connection "list_NL2SQL_ANALYTICS_STAGING"
[0m15:45:16.324691 [debug] [ThreadPool]: Acquiring new snowflake connection 'list_NL2SQL_ANALYTICS_MARTS'
[0m15:45:16.327370 [debug] [ThreadPool]: On list_NL2SQL_ANALYTICS_STAGING: show objects in NL2SQL_ANALYTICS.STAGING
    limit 10000
    

/* {"app": "dbt", "dbt_version": "1.12.5", "profile_name": "nl2sql_analytics", "target_name": "dev", "connection_name": "list_NL2SQL_ANALYTICS_STAGING"} */;
[0m15:45:16.344352 [debug] [ThreadPool]: Opening a new connection, currently in state init
[0m15:45:16.341601 [debug] [ThreadPool]: Using snowflake connection "list_NL2SQL_ANALYTICS_MARTS"
[0m15:45:16.330679 [debug] [ThreadPool]: Using snowflake connection "list_NL2SQL_ANALYTICS_INTERMEDIATE"
[0m15:45:16.608357 [debug] [ThreadPool]: On list_NL2SQL_ANALYTICS_MARTS: show objects in NL2SQL_ANALYTICS.MARTS
    limit 10000
    

/* {"app": "dbt", "dbt_version": "1.12.5", "profile_name": "nl2sql_analytics", "target_name": "dev", "connection_name": "list_NL2SQL_ANALYTICS_MARTS"} */;
[0m15:45:16.613647 [debug] [ThreadPool]: On list_NL2SQL_ANALYTICS_INTERMEDIATE: show objects in NL2SQL_ANALYTICS.INTERMEDIATE
    limit 10000
    

/* {"app": "dbt", "dbt_version": "1.12.5", "profile_name": "nl2sql_analytics", "target_name": "dev", "connection_name": "list_NL2SQL_ANALYTICS_INTERMEDIATE"} */;
[0m15:45:16.616429 [debug] [ThreadPool]: Opening a new connection, currently in state init
[0m15:45:16.620802 [debug] [ThreadPool]: Opening a new connection, currently in state init
[0m15:45:17.768816 [debug] [ThreadPool]: SQL status: SUCCESS 1 in 1.148 seconds
[0m15:45:17.822840 [debug] [ThreadPool]: Using snowflake connection "list_NL2SQL_ANALYTICS_INTERMEDIATE"
[0m15:45:17.826958 [debug] [ThreadPool]: On list_NL2SQL_ANALYTICS_INTERMEDIATE: show user functions in NL2SQL_ANALYTICS.INTERMEDIATE
/* {"app": "dbt", "dbt_version": "1.12.5", "profile_name": "nl2sql_analytics", "target_name": "dev", "connection_name": "list_NL2SQL_ANALYTICS_INTERMEDIATE"} */
[0m15:45:17.836986 [debug] [ThreadPool]: SQL status: SUCCESS 3 in 1.492 seconds
[0m15:45:17.855531 [debug] [ThreadPool]: Using snowflake connection "list_NL2SQL_ANALYTICS_STAGING"
[0m15:45:17.858100 [debug] [ThreadPool]: On list_NL2SQL_ANALYTICS_STAGING: show user functions in NL2SQL_ANALYTICS.STAGING
/* {"app": "dbt", "dbt_version": "1.12.5", "profile_name": "nl2sql_analytics", "target_name": "dev", "connection_name": "list_NL2SQL_ANALYTICS_STAGING"} */
[0m15:45:17.935635 [debug] [ThreadPool]: SQL status: SUCCESS 3 in 1.319 seconds
[0m15:45:17.977405 [debug] [ThreadPool]: Using snowflake connection "list_NL2SQL_ANALYTICS_MARTS"
[0m15:45:17.989456 [debug] [ThreadPool]: SQL status: SUCCESS 0 in 0.159 seconds
[0m15:45:17.991235 [debug] [ThreadPool]: On list_NL2SQL_ANALYTICS_MARTS: show user functions in NL2SQL_ANALYTICS.MARTS
/* {"app": "dbt", "dbt_version": "1.12.5", "profile_name": "nl2sql_analytics", "target_name": "dev", "connection_name": "list_NL2SQL_ANALYTICS_MARTS"} */
[0m15:45:17.996685 [debug] [ThreadPool]: SQL status: SUCCESS 0 in 0.136 seconds
[0m15:45:18.159156 [debug] [ThreadPool]: SQL status: SUCCESS 0 in 0.146 seconds
[0m15:45:18.178026 [debug] [MainThread]: Sending event: {'category': 'dbt', 'action': 'runnable_timing', 'label': '8734efcc-a32f-4e4f-a6e6-ecfb8344d4bc', 'context': [<snowplow_tracker.self_describing_json.SelfDescribingJson object at 0x000001D34E7DAB30>]}
[0m15:45:18.251431 [debug] [Thread-2 (]: Began running node model.nl2sql_analytics.mart_accuracy_over_time
[0m15:45:18.257540 [info ] [Thread-2 (]: 1 of 1 START sql table model MARTS.mart_accuracy_over_time ..................... [RUN]
[0m15:45:18.262275 [debug] [Thread-2 (]: Acquiring new snowflake connection 'model.nl2sql_analytics.mart_accuracy_over_time'
[0m15:45:18.265576 [debug] [Thread-2 (]: Began compiling node model.nl2sql_analytics.mart_accuracy_over_time
[0m15:45:18.330710 [debug] [Thread-2 (]: Writing injected SQL for node "model.nl2sql_analytics.mart_accuracy_over_time"
[0m15:45:18.340231 [debug] [Thread-2 (]: Began executing node model.nl2sql_analytics.mart_accuracy_over_time
[0m15:45:18.593250 [debug] [Thread-2 (]: Writing runtime sql for node "model.nl2sql_analytics.mart_accuracy_over_time"
[0m15:45:18.606827 [debug] [Thread-2 (]: Using snowflake connection "model.nl2sql_analytics.mart_accuracy_over_time"
[0m15:45:18.608398 [debug] [Thread-2 (]: On model.nl2sql_analytics.mart_accuracy_over_time: create or replace transient table NL2SQL_ANALYTICS.MARTS.mart_accuracy_over_time
    
    
    
    
    

    as (-- One row per benchmark run: the time series of overall accuracy.
--
-- Grain is deliberately the RUN, not run x database or run x difficulty.
-- Airflow's drift check reads this table and compares consecutive runs; if it
-- were further split, a "drop in accuracy" could just be a shift in which
-- databases a run covered rather than a real regression. Use
-- mart_accuracy_by_database / _by_difficulty for the breakdowns.
--
-- COVERAGE IS NOT CONSTANT ACROSS RUNS -- read `accuracy` with the two
-- coverage columns below. The two seeded runs do not cover the same databases:
--   baseline       spans 11 databases (500 questions)
--   with_evidence  spans  4 databases (150 questions):
--                  debit_card_specializing, european_football_2,
--                  student_club, thrombosis_prediction
-- Those 4 were already above-average performers under baseline, so the raw
-- 0.4420 -> 0.5267 delta visible in this table is NOT a controlled
-- comparison. It conflates "evidence helps" with "this run skipped the hard
-- databases". The README's +8.67pp evidence-ablation figure comes from a
-- MATCHED 150-question slice, which this mart does not reproduce.
--
-- TWO COVERAGE GUARDS, and the second exists because the first is not enough:
--
--   distinct_db_count -- how many databases the run covered. Makes the
--     confound machine-detectable rather than a footnote. But a COUNT is only
--     a size: two runs could each cover 4 databases with no overlap at all
--     and both report 4, so a check keying on this alone would compare them
--     happily. Necessary, not sufficient.
--
--   db_id_set_hash -- MD5 over the sorted, comma-joined distinct db_ids. A
--     fingerprint of the SET ITSELF, not its size, so the two disjoint
--     4-database runs above produce different hashes and are correctly
--     refused. DISTINCT collapses per-question duplicates; WITHIN GROUP
--     (ORDER BY db_id) makes the ordering deterministic, without which the
--     same set could hash differently between runs and the guard would
--     produce false mismatches.
--
-- A drift check should require db_id_set_hash equality before comparing two
-- runs' accuracy. distinct_db_count is kept alongside it because it is human
-- readable in a way a hash is not -- it tells you HOW the coverage differs.

with enriched as (

    select * from NL2SQL_ANALYTICS.INTERMEDIATE.int_eval_results_enriched

),

aggregated as (

    select
        run_id,
        run_timestamp,
        config_label,

        count(*)                                  as total_questions,
        count_if(correct)                         as correct_count,
        round(count_if(correct) / count(*), 4)    as accuracy,

        count(distinct db_id)                     as distinct_db_count,
        md5(listagg(distinct db_id, ',')
            within group (order by db_id))        as db_id_set_hash

    from enriched

    group by run_id, run_timestamp, config_label

)

select * from aggregated
order by run_timestamp
    )

/* {"app": "dbt", "dbt_version": "1.12.5", "profile_name": "nl2sql_analytics", "target_name": "dev", "node_id": "model.nl2sql_analytics.mart_accuracy_over_time"} */;
[0m15:45:18.612404 [debug] [Thread-2 (]: Opening a new connection, currently in state init
[0m15:45:21.353394 [debug] [Thread-2 (]: SQL status: SUCCESS 2 in 2.741 seconds
[0m15:45:21.575844 [debug] [Thread-2 (]: Sending event: {'category': 'dbt', 'action': 'run_model', 'label': '8734efcc-a32f-4e4f-a6e6-ecfb8344d4bc', 'context': [<snowplow_tracker.self_describing_json.SelfDescribingJson object at 0x000001D34FEA1090>]}
[0m15:45:21.582969 [info ] [Thread-2 (]: 1 of 1 OK created sql table model MARTS.mart_accuracy_over_time ................ [[32mSUCCESS 2[0m in 3.30s]
[0m15:45:21.589970 [debug] [Thread-2 (]: Finished running node model.nl2sql_analytics.mart_accuracy_over_time
[0m15:45:21.603036 [debug] [MainThread]: Connection 'master' was properly closed.
[0m15:45:21.607188 [debug] [MainThread]: Connection 'list_NL2SQL_ANALYTICS' was left open.
[0m15:45:21.609374 [debug] [MainThread]: On list_NL2SQL_ANALYTICS: Close
[0m15:45:21.815451 [debug] [MainThread]: Connection 'list_NL2SQL_ANALYTICS_STAGING' was left open.
[0m15:45:21.817878 [debug] [MainThread]: On list_NL2SQL_ANALYTICS_STAGING: Close
[0m15:45:21.965475 [debug] [MainThread]: Connection 'list_NL2SQL_ANALYTICS_INTERMEDIATE' was left open.
[0m15:45:21.967395 [debug] [MainThread]: On list_NL2SQL_ANALYTICS_INTERMEDIATE: Close
[0m15:45:22.138599 [debug] [MainThread]: Connection 'list_NL2SQL_ANALYTICS_MARTS' was left open.
[0m15:45:22.140667 [debug] [MainThread]: On list_NL2SQL_ANALYTICS_MARTS: Close
[0m15:45:22.308942 [debug] [MainThread]: Connection 'model.nl2sql_analytics.mart_accuracy_over_time' was left open.
[0m15:45:22.310537 [debug] [MainThread]: On model.nl2sql_analytics.mart_accuracy_over_time: Close
[0m15:45:22.498990 [info ] [MainThread]: 
[0m15:45:22.502580 [info ] [MainThread]: Finished running 1 table model in 0 hours 0 minutes and 13.66 seconds (13.66s).
[0m15:45:22.541748 [debug] [MainThread]: Command end result
[0m15:45:22.947615 [debug] [MainThread]: Wrote artifact WritableManifest to C:\Users\Arun\OneDrive\Desktop\nl2sql-agentic-rag\nl2sql-agentic-rag\dbt_project\target\manifest.json
[0m15:45:22.985992 [debug] [MainThread]: Wrote artifact SemanticManifest to C:\Users\Arun\OneDrive\Desktop\nl2sql-agentic-rag\nl2sql-agentic-rag\dbt_project\target\semantic_manifest.json
[0m15:45:23.009180 [debug] [MainThread]: Wrote artifact OsiDocument to C:\Users\Arun\OneDrive\Desktop\nl2sql-agentic-rag\nl2sql-agentic-rag\dbt_project\target\osi_document.json
[0m15:45:23.066780 [debug] [MainThread]: Wrote artifact RunExecutionResult to C:\Users\Arun\OneDrive\Desktop\nl2sql-agentic-rag\nl2sql-agentic-rag\dbt_project\target\run_results.json
[0m15:45:23.068013 [info ] [MainThread]: 
[0m15:45:23.074735 [info ] [MainThread]: [32mCompleted successfully[0m
[0m15:45:23.076489 [info ] [MainThread]: 
[0m15:45:23.081162 [info ] [MainThread]: Done. PASS=1 WARN=0 ERROR=0 SKIP=0 NO-OP=0 REUSED=0 TOTAL=1
[0m15:45:23.091942 [debug] [MainThread]: Command `dbt build` succeeded at 15:45:23.090113 after 45.19 seconds
[0m15:45:23.097875 [debug] [MainThread]: Sending event: {'category': 'dbt', 'action': 'invocation', 'label': 'end', 'context': [<snowplow_tracker.self_describing_json.SelfDescribingJson object at 0x000001D33C4D8110>, <snowplow_tracker.self_describing_json.SelfDescribingJson object at 0x000001D34FEBD230>, <snowplow_tracker.self_describing_json.SelfDescribingJson object at 0x000001D34FEBCEC0>]}
[0m15:45:23.100965 [debug] [MainThread]: Flushing usage events
[0m15:45:26.556543 [debug] [MainThread]: An error was encountered while trying to flush usage events
[0m15:53:51.626509 [debug] [MainThread]: Sending event: {'category': 'dbt', 'action': 'invocation', 'label': 'start', 'context': [<snowplow_tracker.self_describing_json.SelfDescribingJson object at 0x000001C5AE191D30>, <snowplow_tracker.self_describing_json.SelfDescribingJson object at 0x000001C5AB071090>, <snowplow_tracker.self_describing_json.SelfDescribingJson object at 0x000001C5B0773ED0>]}


============================== 15:53:51.650807 | 2dcdf142-dac0-4999-bfea-feeeb07489cd ==============================
[0m15:53:51.650807 [info ] [MainThread]: Running with dbt=1.12.5
[0m15:53:51.655201 [debug] [MainThread]: running dbt with arguments {'maximum_seed_size_mib': '1', 'no_print': 'None', 'static_parser': 'True', 'target_path': 'None', 'version_check': 'True', 'warn_error_options': 'WarnErrorOptionsV2(error=[], warn=[], silence=[])', 'printer_width': '80', 'write_json': 'True', 'introspect': 'True', 'log_cache_events': 'False', 'empty': 'None', 'cache_selected_only': 'False', 'fail_fast': 'False', 'debug': 'False', 'log_format': 'default', 'profiles_dir': 'C:\\Users\\Arun\\.dbt', 'send_anonymous_usage_stats': 'True', 'quiet': 'False', 'warn_error': 'None', 'partial_parse': 'True', 'use_colors': 'True', 'hints_enabled': 'True', 'invocation_command': 'dbt test --select stg_eval_results', 'use_experimental_parser': 'False', 'indirect_selection': 'eager', 'log_path': 'C:\\Users\\Arun\\OneDrive\\Desktop\\nl2sql-agentic-rag\\nl2sql-agentic-rag\\dbt_project\\logs'}
[0m15:53:57.898737 [debug] [MainThread]: Snowflake adapter: Setting snowflake.connector to ERROR (file logging only)
[0m15:53:57.901658 [debug] [MainThread]: Snowflake adapter: Setting botocore to ERROR (file logging only)
[0m15:53:57.904355 [debug] [MainThread]: Snowflake adapter: Setting boto3 to ERROR (file logging only)
[0m15:54:00.632198 [debug] [MainThread]: Sending event: {'category': 'dbt', 'action': 'project_id', 'label': '2dcdf142-dac0-4999-bfea-feeeb07489cd', 'context': [<snowplow_tracker.self_describing_json.SelfDescribingJson object at 0x000001C5AE6A7230>]}
[0m15:54:01.141439 [debug] [MainThread]: Sending event: {'category': 'dbt', 'action': 'adapter_info', 'label': '2dcdf142-dac0-4999-bfea-feeeb07489cd', 'context': [<snowplow_tracker.self_describing_json.SelfDescribingJson object at 0x000001C5B07A5F20>]}
[0m15:54:01.148169 [info ] [MainThread]: Registered adapter: snowflake=1.12.1
[0m15:54:04.168965 [debug] [MainThread]: checksum: 7cb6fbc234c85391064f5eab34df2c59dc8405dacac8927df8c69f1cba9e8d16, vars: {}, profile: nl2sql_analytics, target: dev, version: 1.12.5
[0m15:54:05.517817 [debug] [MainThread]: Partial parsing enabled: 0 files deleted, 0 files added, 0 files changed.
[0m15:54:05.520078 [debug] [MainThread]: Nothing changed, skipping partial parsing.
[0m15:54:05.521667 [debug] [MainThread]: Partial parsing enabled, no changes found, skipping parsing
[0m15:54:05.564112 [debug] [MainThread]: Sending event: {'category': 'dbt', 'action': 'load_project', 'label': '2dcdf142-dac0-4999-bfea-feeeb07489cd', 'context': [<snowplow_tracker.self_describing_json.SelfDescribingJson object at 0x000001C5C29B4750>]}
[0m15:54:06.391551 [debug] [MainThread]: Wrote artifact WritableManifest to C:\Users\Arun\OneDrive\Desktop\nl2sql-agentic-rag\nl2sql-agentic-rag\dbt_project\target\manifest.json
[0m15:54:06.412775 [debug] [MainThread]: Wrote artifact SemanticManifest to C:\Users\Arun\OneDrive\Desktop\nl2sql-agentic-rag\nl2sql-agentic-rag\dbt_project\target\semantic_manifest.json
[0m15:54:06.639894 [debug] [MainThread]: Wrote artifact OsiDocument to C:\Users\Arun\OneDrive\Desktop\nl2sql-agentic-rag\nl2sql-agentic-rag\dbt_project\target\osi_document.json
[0m15:54:06.781291 [debug] [MainThread]: Sending event: {'category': 'dbt', 'action': 'resource_counts', 'label': '2dcdf142-dac0-4999-bfea-feeeb07489cd', 'context': [<snowplow_tracker.self_describing_json.SelfDescribingJson object at 0x000001C5C39FE6C0>]}
[0m15:54:06.784456 [info ] [MainThread]: Found 7 models, 8 data tests, 3 sources, 563 macros
[0m15:54:06.786121 [debug] [MainThread]: Sending event: {'category': 'dbt', 'action': 'runnable_timing', 'label': '2dcdf142-dac0-4999-bfea-feeeb07489cd', 'context': [<snowplow_tracker.self_describing_json.SelfDescribingJson object at 0x000001C5C39F0D70>]}
[0m15:54:06.795055 [info ] [MainThread]: 
[0m15:54:06.797310 [info ] [MainThread]: Concurrency: 4 threads (target='dev')
[0m15:54:06.799315 [info ] [MainThread]: 
[0m15:54:06.802022 [debug] [MainThread]: Acquiring new snowflake connection 'master'
[0m15:54:06.828646 [debug] [ThreadPool]: Acquiring new snowflake connection 'list_NL2SQL_ANALYTICS_MARTS'
[0m15:54:06.836940 [debug] [ThreadPool]: Acquiring new snowflake connection 'list_NL2SQL_ANALYTICS_INTERMEDIATE'
[0m15:54:06.852783 [debug] [ThreadPool]: Acquiring new snowflake connection 'list_NL2SQL_ANALYTICS_STAGING'
[0m15:54:07.011567 [debug] [ThreadPool]: Using snowflake connection "list_NL2SQL_ANALYTICS_MARTS"
[0m15:54:07.014094 [debug] [ThreadPool]: Using snowflake connection "list_NL2SQL_ANALYTICS_INTERMEDIATE"
[0m15:54:07.015390 [debug] [ThreadPool]: On list_NL2SQL_ANALYTICS_MARTS: show objects in NL2SQL_ANALYTICS.MARTS
    limit 10000
    

/* {"app": "dbt", "dbt_version": "1.12.5", "profile_name": "nl2sql_analytics", "target_name": "dev", "connection_name": "list_NL2SQL_ANALYTICS_MARTS"} */;
[0m15:54:07.017680 [debug] [ThreadPool]: Using snowflake connection "list_NL2SQL_ANALYTICS_STAGING"
[0m15:54:07.019754 [debug] [ThreadPool]: On list_NL2SQL_ANALYTICS_INTERMEDIATE: show objects in NL2SQL_ANALYTICS.INTERMEDIATE
    limit 10000
    

/* {"app": "dbt", "dbt_version": "1.12.5", "profile_name": "nl2sql_analytics", "target_name": "dev", "connection_name": "list_NL2SQL_ANALYTICS_INTERMEDIATE"} */;
[0m15:54:07.021701 [debug] [ThreadPool]: Opening a new connection, currently in state init
[0m15:54:07.023681 [debug] [ThreadPool]: On list_NL2SQL_ANALYTICS_STAGING: show objects in NL2SQL_ANALYTICS.STAGING
    limit 10000
    

/* {"app": "dbt", "dbt_version": "1.12.5", "profile_name": "nl2sql_analytics", "target_name": "dev", "connection_name": "list_NL2SQL_ANALYTICS_STAGING"} */;
[0m15:54:07.025357 [debug] [ThreadPool]: Opening a new connection, currently in state init
[0m15:54:07.027946 [debug] [ThreadPool]: Opening a new connection, currently in state init
[0m15:54:09.595987 [debug] [ThreadPool]: SQL status: SUCCESS 3 in 2.574 seconds
[0m15:54:09.599759 [debug] [ThreadPool]: SQL status: SUCCESS 3 in 2.572 seconds
[0m15:54:09.627734 [debug] [ThreadPool]: Using snowflake connection "list_NL2SQL_ANALYTICS_MARTS"
[0m15:54:09.636403 [debug] [ThreadPool]: Using snowflake connection "list_NL2SQL_ANALYTICS_STAGING"
[0m15:54:09.638320 [debug] [ThreadPool]: On list_NL2SQL_ANALYTICS_MARTS: show user functions in NL2SQL_ANALYTICS.MARTS
/* {"app": "dbt", "dbt_version": "1.12.5", "profile_name": "nl2sql_analytics", "target_name": "dev", "connection_name": "list_NL2SQL_ANALYTICS_MARTS"} */
[0m15:54:09.639945 [debug] [ThreadPool]: On list_NL2SQL_ANALYTICS_STAGING: show user functions in NL2SQL_ANALYTICS.STAGING
/* {"app": "dbt", "dbt_version": "1.12.5", "profile_name": "nl2sql_analytics", "target_name": "dev", "connection_name": "list_NL2SQL_ANALYTICS_STAGING"} */
[0m15:54:09.781270 [debug] [ThreadPool]: SQL status: SUCCESS 0 in 0.140 seconds
[0m15:54:09.837565 [debug] [ThreadPool]: SQL status: SUCCESS 0 in 0.194 seconds
[0m15:54:09.850220 [debug] [ThreadPool]: SQL status: SUCCESS 1 in 2.825 seconds
[0m15:54:09.861416 [debug] [ThreadPool]: Using snowflake connection "list_NL2SQL_ANALYTICS_INTERMEDIATE"
[0m15:54:09.862997 [debug] [ThreadPool]: On list_NL2SQL_ANALYTICS_INTERMEDIATE: show user functions in NL2SQL_ANALYTICS.INTERMEDIATE
/* {"app": "dbt", "dbt_version": "1.12.5", "profile_name": "nl2sql_analytics", "target_name": "dev", "connection_name": "list_NL2SQL_ANALYTICS_INTERMEDIATE"} */
[0m15:54:09.970792 [debug] [ThreadPool]: SQL status: SUCCESS 0 in 0.106 seconds
[0m15:54:09.982107 [debug] [MainThread]: Sending event: {'category': 'dbt', 'action': 'runnable_timing', 'label': '2dcdf142-dac0-4999-bfea-feeeb07489cd', 'context': [<snowplow_tracker.self_describing_json.SelfDescribingJson object at 0x000001C5C3B99090>]}
[0m15:54:09.999677 [debug] [Thread-2 (]: Began running node test.nl2sql_analytics.not_null_stg_eval_results_result_id.9b4ed491ca
[0m15:54:10.001392 [debug] [Thread-3 (]: Began running node test.nl2sql_analytics.not_null_stg_eval_results_run_id.7bfef45c78
[0m15:54:10.003251 [debug] [Thread-5 (]: Began running node test.nl2sql_analytics.unique_stg_eval_results_result_id.9ee52254b8
[0m15:54:10.005620 [debug] [Thread-4 (]: Began running node test.nl2sql_analytics.relationships_stg_eval_results_run_id__run_id__ref_stg_eval_runs_.c5b93ec5b7
[0m15:54:10.007889 [info ] [Thread-2 (]: 1 of 4 START test not_null_stg_eval_results_result_id .......................... [RUN]
[0m15:54:10.010495 [info ] [Thread-3 (]: 2 of 4 START test not_null_stg_eval_results_run_id ............................. [RUN]
[0m15:54:10.012489 [info ] [Thread-5 (]: 4 of 4 START test unique_stg_eval_results_result_id ............................ [RUN]
[0m15:54:10.017383 [debug] [Thread-2 (]: Acquiring new snowflake connection 'test.nl2sql_analytics.not_null_stg_eval_results_result_id.9b4ed491ca'
[0m15:54:10.015070 [info ] [Thread-4 (]: 3 of 4 START test relationships_stg_eval_results_run_id__run_id__ref_stg_eval_runs_  [RUN]
[0m15:54:10.020336 [debug] [Thread-3 (]: Acquiring new snowflake connection 'test.nl2sql_analytics.not_null_stg_eval_results_run_id.7bfef45c78'
[0m15:54:10.023336 [debug] [Thread-5 (]: Acquiring new snowflake connection 'test.nl2sql_analytics.unique_stg_eval_results_result_id.9ee52254b8'
[0m15:54:10.025548 [debug] [Thread-2 (]: Began compiling node test.nl2sql_analytics.not_null_stg_eval_results_result_id.9b4ed491ca
[0m15:54:10.028532 [debug] [Thread-4 (]: Acquiring new snowflake connection 'test.nl2sql_analytics.relationships_stg_eval_results_run_id__run_id__ref_stg_eval_runs_.c5b93ec5b7'
[0m15:54:10.030912 [debug] [Thread-3 (]: Began compiling node test.nl2sql_analytics.not_null_stg_eval_results_run_id.7bfef45c78
[0m15:54:10.033073 [debug] [Thread-5 (]: Began compiling node test.nl2sql_analytics.unique_stg_eval_results_result_id.9ee52254b8
[0m15:54:10.070762 [debug] [Thread-4 (]: Began compiling node test.nl2sql_analytics.relationships_stg_eval_results_run_id__run_id__ref_stg_eval_runs_.c5b93ec5b7
[0m15:54:10.113992 [debug] [Thread-2 (]: Writing injected SQL for node "test.nl2sql_analytics.not_null_stg_eval_results_result_id.9b4ed491ca"
[0m15:54:10.188453 [debug] [Thread-5 (]: Writing injected SQL for node "test.nl2sql_analytics.unique_stg_eval_results_result_id.9ee52254b8"
[0m15:54:10.202521 [debug] [Thread-3 (]: Writing injected SQL for node "test.nl2sql_analytics.not_null_stg_eval_results_run_id.7bfef45c78"
[0m15:54:10.270558 [debug] [Thread-4 (]: Writing injected SQL for node "test.nl2sql_analytics.relationships_stg_eval_results_run_id__run_id__ref_stg_eval_runs_.c5b93ec5b7"
[0m15:54:10.273627 [debug] [Thread-2 (]: Began executing node test.nl2sql_analytics.not_null_stg_eval_results_result_id.9b4ed491ca
[0m15:54:10.315956 [debug] [Thread-3 (]: Began executing node test.nl2sql_analytics.not_null_stg_eval_results_run_id.7bfef45c78
[0m15:54:10.454102 [debug] [Thread-2 (]: Writing runtime sql for node "test.nl2sql_analytics.not_null_stg_eval_results_result_id.9b4ed491ca"
[0m15:54:10.456617 [debug] [Thread-3 (]: Writing runtime sql for node "test.nl2sql_analytics.not_null_stg_eval_results_run_id.7bfef45c78"
[0m15:54:10.458475 [debug] [Thread-5 (]: Began executing node test.nl2sql_analytics.unique_stg_eval_results_result_id.9ee52254b8
[0m15:54:10.459851 [debug] [Thread-4 (]: Began executing node test.nl2sql_analytics.relationships_stg_eval_results_run_id__run_id__ref_stg_eval_runs_.c5b93ec5b7
[0m15:54:10.471436 [debug] [Thread-5 (]: Writing runtime sql for node "test.nl2sql_analytics.unique_stg_eval_results_result_id.9ee52254b8"
[0m15:54:10.483550 [debug] [Thread-4 (]: Writing runtime sql for node "test.nl2sql_analytics.relationships_stg_eval_results_run_id__run_id__ref_stg_eval_runs_.c5b93ec5b7"
[0m15:54:10.487646 [debug] [Thread-2 (]: Using snowflake connection "test.nl2sql_analytics.not_null_stg_eval_results_result_id.9b4ed491ca"
[0m15:54:10.492214 [debug] [Thread-3 (]: Using snowflake connection "test.nl2sql_analytics.not_null_stg_eval_results_run_id.7bfef45c78"
[0m15:54:10.494281 [debug] [Thread-2 (]: On test.nl2sql_analytics.not_null_stg_eval_results_result_id.9b4ed491ca: select
      count(*) as failures,
      count(*) != 0 as should_warn,
      count(*) != 0 as should_error
    from (
      
    
  
    
    



select result_id
from NL2SQL_ANALYTICS.STAGING.stg_eval_results
where result_id is null



  
  
      
    ) dbt_internal_test
/* {"app": "dbt", "dbt_version": "1.12.5", "profile_name": "nl2sql_analytics", "target_name": "dev", "node_id": "test.nl2sql_analytics.not_null_stg_eval_results_result_id.9b4ed491ca"} */
[0m15:54:10.496891 [debug] [Thread-3 (]: On test.nl2sql_analytics.not_null_stg_eval_results_run_id.7bfef45c78: select
      count(*) as failures,
      count(*) != 0 as should_warn,
      count(*) != 0 as should_error
    from (
      
    
  
    
    



select run_id
from NL2SQL_ANALYTICS.STAGING.stg_eval_results
where run_id is null



  
  
      
    ) dbt_internal_test
/* {"app": "dbt", "dbt_version": "1.12.5", "profile_name": "nl2sql_analytics", "target_name": "dev", "node_id": "test.nl2sql_analytics.not_null_stg_eval_results_run_id.7bfef45c78"} */
[0m15:54:10.499302 [debug] [Thread-2 (]: Opening a new connection, currently in state init
[0m15:54:10.502615 [debug] [Thread-5 (]: Using snowflake connection "test.nl2sql_analytics.unique_stg_eval_results_result_id.9ee52254b8"
[0m15:54:10.504092 [debug] [Thread-3 (]: Opening a new connection, currently in state init
[0m15:54:10.507696 [debug] [Thread-4 (]: Using snowflake connection "test.nl2sql_analytics.relationships_stg_eval_results_run_id__run_id__ref_stg_eval_runs_.c5b93ec5b7"
[0m15:54:10.510189 [debug] [Thread-5 (]: On test.nl2sql_analytics.unique_stg_eval_results_result_id.9ee52254b8: select
      count(*) as failures,
      count(*) != 0 as should_warn,
      count(*) != 0 as should_error
    from (
      
    
  
    
    

select
    result_id as unique_field,
    count(*) as n_records

from NL2SQL_ANALYTICS.STAGING.stg_eval_results
where result_id is not null
group by result_id
having count(*) > 1



  
  
      
    ) dbt_internal_test
/* {"app": "dbt", "dbt_version": "1.12.5", "profile_name": "nl2sql_analytics", "target_name": "dev", "node_id": "test.nl2sql_analytics.unique_stg_eval_results_result_id.9ee52254b8"} */
[0m15:54:10.665071 [debug] [Thread-4 (]: On test.nl2sql_analytics.relationships_stg_eval_results_run_id__run_id__ref_stg_eval_runs_.c5b93ec5b7: select
      count(*) as failures,
      count(*) != 0 as should_warn,
      count(*) != 0 as should_error
    from (
      
    
  
    
    

with child as (
    select run_id as from_field
    from NL2SQL_ANALYTICS.STAGING.stg_eval_results
    where run_id is not null
),

parent as (
    select run_id as to_field
    from NL2SQL_ANALYTICS.STAGING.stg_eval_runs
)

select
    from_field

from child
left join parent
    on child.from_field = parent.to_field

where parent.to_field is null



  
  
      
    ) dbt_internal_test
/* {"app": "dbt", "dbt_version": "1.12.5", "profile_name": "nl2sql_analytics", "target_name": "dev", "node_id": "test.nl2sql_analytics.relationships_stg_eval_results_run_id__run_id__ref_stg_eval_runs_.c5b93ec5b7"} */
[0m15:54:10.667899 [debug] [Thread-5 (]: Opening a new connection, currently in state init
[0m15:54:10.836655 [debug] [Thread-4 (]: Opening a new connection, currently in state init
[0m15:54:11.821790 [debug] [Thread-3 (]: SQL status: SUCCESS 1 in 1.318 seconds
[0m15:54:11.866300 [info ] [Thread-3 (]: 2 of 4 PASS not_null_stg_eval_results_run_id ................................... [[32mPASS[0m in 1.85s]
[0m15:54:11.868477 [debug] [Thread-3 (]: Finished running node test.nl2sql_analytics.not_null_stg_eval_results_run_id.7bfef45c78
[0m15:54:11.880920 [debug] [Thread-5 (]: SQL status: SUCCESS 1 in 1.213 seconds
[0m15:54:11.891523 [debug] [Thread-2 (]: SQL status: SUCCESS 1 in 1.392 seconds
[0m15:54:11.888831 [info ] [Thread-5 (]: 4 of 4 PASS unique_stg_eval_results_result_id .................................. [[32mPASS[0m in 1.87s]
[0m15:54:11.897917 [info ] [Thread-2 (]: 1 of 4 PASS not_null_stg_eval_results_result_id ................................ [[32mPASS[0m in 1.88s]
[0m15:54:11.900223 [debug] [Thread-5 (]: Finished running node test.nl2sql_analytics.unique_stg_eval_results_result_id.9ee52254b8
[0m15:54:11.902486 [debug] [Thread-2 (]: Finished running node test.nl2sql_analytics.not_null_stg_eval_results_result_id.9b4ed491ca
[0m15:54:12.136723 [debug] [Thread-4 (]: SQL status: SUCCESS 1 in 1.300 seconds
[0m15:54:12.144501 [info ] [Thread-4 (]: 3 of 4 PASS relationships_stg_eval_results_run_id__run_id__ref_stg_eval_runs_ .. [[32mPASS[0m in 2.12s]
[0m15:54:12.147726 [debug] [Thread-4 (]: Finished running node test.nl2sql_analytics.relationships_stg_eval_results_run_id__run_id__ref_stg_eval_runs_.c5b93ec5b7
[0m15:54:12.153938 [debug] [MainThread]: Connection 'master' was properly closed.
[0m15:54:12.155160 [debug] [MainThread]: Connection 'list_NL2SQL_ANALYTICS_MARTS' was left open.
[0m15:54:12.156356 [debug] [MainThread]: On list_NL2SQL_ANALYTICS_MARTS: Close
[0m15:54:12.273959 [debug] [MainThread]: Connection 'list_NL2SQL_ANALYTICS_INTERMEDIATE' was left open.
[0m15:54:12.276188 [debug] [MainThread]: On list_NL2SQL_ANALYTICS_INTERMEDIATE: Close
[0m15:54:12.430347 [debug] [MainThread]: Connection 'list_NL2SQL_ANALYTICS_STAGING' was left open.
[0m15:54:12.432278 [debug] [MainThread]: On list_NL2SQL_ANALYTICS_STAGING: Close
[0m15:54:12.556871 [debug] [MainThread]: Connection 'test.nl2sql_analytics.not_null_stg_eval_results_result_id.9b4ed491ca' was left open.
[0m15:54:12.558325 [debug] [MainThread]: On test.nl2sql_analytics.not_null_stg_eval_results_result_id.9b4ed491ca: Close
[0m15:54:12.684896 [debug] [MainThread]: Connection 'test.nl2sql_analytics.not_null_stg_eval_results_run_id.7bfef45c78' was left open.
[0m15:54:12.686905 [debug] [MainThread]: On test.nl2sql_analytics.not_null_stg_eval_results_run_id.7bfef45c78: Close
[0m15:54:12.815931 [debug] [MainThread]: Connection 'test.nl2sql_analytics.unique_stg_eval_results_result_id.9ee52254b8' was left open.
[0m15:54:12.817911 [debug] [MainThread]: On test.nl2sql_analytics.unique_stg_eval_results_result_id.9ee52254b8: Close
[0m15:54:12.938116 [debug] [MainThread]: Connection 'test.nl2sql_analytics.relationships_stg_eval_results_run_id__run_id__ref_stg_eval_runs_.c5b93ec5b7' was left open.
[0m15:54:12.939643 [debug] [MainThread]: On test.nl2sql_analytics.relationships_stg_eval_results_run_id__run_id__ref_stg_eval_runs_.c5b93ec5b7: Close
[0m15:54:13.069487 [info ] [MainThread]: 
[0m15:54:13.071213 [info ] [MainThread]: Finished running 4 data tests in 0 hours 0 minutes and 6.27 seconds (6.27s).
[0m15:54:13.076528 [debug] [MainThread]: Command end result
[0m15:54:13.254536 [debug] [MainThread]: Wrote artifact WritableManifest to C:\Users\Arun\OneDrive\Desktop\nl2sql-agentic-rag\nl2sql-agentic-rag\dbt_project\target\manifest.json
[0m15:54:13.268028 [debug] [MainThread]: Wrote artifact SemanticManifest to C:\Users\Arun\OneDrive\Desktop\nl2sql-agentic-rag\nl2sql-agentic-rag\dbt_project\target\semantic_manifest.json
[0m15:54:13.281524 [debug] [MainThread]: Wrote artifact OsiDocument to C:\Users\Arun\OneDrive\Desktop\nl2sql-agentic-rag\nl2sql-agentic-rag\dbt_project\target\osi_document.json
[0m15:54:13.319519 [debug] [MainThread]: Wrote artifact RunExecutionResult to C:\Users\Arun\OneDrive\Desktop\nl2sql-agentic-rag\nl2sql-agentic-rag\dbt_project\target\run_results.json
[0m15:54:13.321549 [info ] [MainThread]: 
[0m15:54:13.323363 [info ] [MainThread]: [32mCompleted successfully[0m
[0m15:54:13.325298 [info ] [MainThread]: 
[0m15:54:13.326970 [info ] [MainThread]: Done. PASS=4 WARN=0 ERROR=0 SKIP=0 NO-OP=0 REUSED=0 TOTAL=4
[0m15:54:13.330923 [debug] [MainThread]: Command `dbt test` succeeded at 15:54:13.330680 after 22.54 seconds
[0m15:54:13.332334 [debug] [MainThread]: Sending event: {'category': 'dbt', 'action': 'invocation', 'label': 'end', 'context': [<snowplow_tracker.self_describing_json.SelfDescribingJson object at 0x000001C5B08A4110>, <snowplow_tracker.self_describing_json.SelfDescribingJson object at 0x000001C5C3A1E150>, <snowplow_tracker.self_describing_json.SelfDescribingJson object at 0x000001C5C3A1E410>]}
[0m15:54:13.334120 [debug] [MainThread]: Flushing usage events
[0m15:54:14.950466 [debug] [MainThread]: An error was encountered while trying to flush usage events
[0m15:57:16.942315 [debug] [MainThread]: Sending event: {'category': 'dbt', 'action': 'invocation', 'label': 'start', 'context': [<snowplow_tracker.self_describing_json.SelfDescribingJson object at 0x000001D57FD95D30>, <snowplow_tracker.self_describing_json.SelfDescribingJson object at 0x000001D57CCC1090>, <snowplow_tracker.self_describing_json.SelfDescribingJson object at 0x000001D502423ED0>]}


============================== 15:57:16.950902 | 46121a74-53d1-404c-9408-32068e83e74a ==============================
[0m15:57:16.950902 [info ] [MainThread]: Running with dbt=1.12.5
[0m15:57:16.951679 [debug] [MainThread]: running dbt with arguments {'version_check': 'True', 'no_print': 'None', 'maximum_seed_size_mib': '1', 'target_path': 'None', 'static_parser': 'True', 'warn_error_options': 'WarnErrorOptionsV2(error=[], warn=[], silence=[])', 'printer_width': '80', 'write_json': 'True', 'empty': 'None', 'log_cache_events': 'False', 'introspect': 'True', 'cache_selected_only': 'False', 'fail_fast': 'False', 'debug': 'False', 'log_format': 'default', 'partial_parse': 'True', 'send_anonymous_usage_stats': 'True', 'quiet': 'False', 'warn_error': 'None', 'profiles_dir': 'C:\\Users\\Arun\\.dbt', 'indirect_selection': 'eager', 'hints_enabled': 'True', 'invocation_command': 'dbt test', 'use_experimental_parser': 'False', 'use_colors': 'True', 'log_path': 'C:\\Users\\Arun\\OneDrive\\Desktop\\nl2sql-agentic-rag\\nl2sql-agentic-rag\\dbt_project\\logs'}
[0m15:57:19.345502 [debug] [MainThread]: Snowflake adapter: Setting snowflake.connector to ERROR (file logging only)
[0m15:57:19.346173 [debug] [MainThread]: Snowflake adapter: Setting botocore to ERROR (file logging only)
[0m15:57:19.346672 [debug] [MainThread]: Snowflake adapter: Setting boto3 to ERROR (file logging only)
[0m15:57:20.016489 [debug] [MainThread]: Sending event: {'category': 'dbt', 'action': 'project_id', 'label': '46121a74-53d1-404c-9408-32068e83e74a', 'context': [<snowplow_tracker.self_describing_json.SelfDescribingJson object at 0x000001D500367230>]}
[0m15:57:20.162817 [debug] [MainThread]: Sending event: {'category': 'dbt', 'action': 'adapter_info', 'label': '46121a74-53d1-404c-9408-32068e83e74a', 'context': [<snowplow_tracker.self_describing_json.SelfDescribingJson object at 0x000001D502455F20>]}
[0m15:57:20.165061 [info ] [MainThread]: Registered adapter: snowflake=1.12.1
[0m15:57:21.347279 [debug] [MainThread]: checksum: 7cb6fbc234c85391064f5eab34df2c59dc8405dacac8927df8c69f1cba9e8d16, vars: {}, profile: nl2sql_analytics, target: dev, version: 1.12.5
[0m15:57:21.659634 [debug] [MainThread]: Partial parsing enabled: 0 files deleted, 0 files added, 0 files changed.
[0m15:57:21.660147 [debug] [MainThread]: Nothing changed, skipping partial parsing.
[0m15:57:21.660479 [debug] [MainThread]: Partial parsing enabled, no changes found, skipping parsing
[0m15:57:21.673395 [debug] [MainThread]: Sending event: {'category': 'dbt', 'action': 'load_project', 'label': '46121a74-53d1-404c-9408-32068e83e74a', 'context': [<snowplow_tracker.self_describing_json.SelfDescribingJson object at 0x000001D5147A4750>]}
[0m15:57:21.901219 [debug] [MainThread]: Wrote artifact WritableManifest to C:\Users\Arun\OneDrive\Desktop\nl2sql-agentic-rag\nl2sql-agentic-rag\dbt_project\target\manifest.json
[0m15:57:21.909579 [debug] [MainThread]: Wrote artifact SemanticManifest to C:\Users\Arun\OneDrive\Desktop\nl2sql-agentic-rag\nl2sql-agentic-rag\dbt_project\target\semantic_manifest.json
[0m15:57:21.972030 [debug] [MainThread]: Wrote artifact OsiDocument to C:\Users\Arun\OneDrive\Desktop\nl2sql-agentic-rag\nl2sql-agentic-rag\dbt_project\target\osi_document.json
[0m15:57:22.017128 [debug] [MainThread]: Sending event: {'category': 'dbt', 'action': 'resource_counts', 'label': '46121a74-53d1-404c-9408-32068e83e74a', 'context': [<snowplow_tracker.self_describing_json.SelfDescribingJson object at 0x000001D5157EE6C0>]}
[0m15:57:22.018122 [info ] [MainThread]: Found 7 models, 8 data tests, 3 sources, 563 macros
[0m15:57:22.019661 [debug] [MainThread]: Sending event: {'category': 'dbt', 'action': 'runnable_timing', 'label': '46121a74-53d1-404c-9408-32068e83e74a', 'context': [<snowplow_tracker.self_describing_json.SelfDescribingJson object at 0x000001D5157E0D70>]}
[0m15:57:22.024894 [info ] [MainThread]: 
[0m15:57:22.025490 [info ] [MainThread]: Concurrency: 4 threads (target='dev')
[0m15:57:22.025925 [info ] [MainThread]: 
[0m15:57:22.026555 [debug] [MainThread]: Acquiring new snowflake connection 'master'
[0m15:57:22.033283 [debug] [ThreadPool]: Acquiring new snowflake connection 'list_NL2SQL_ANALYTICS_MARTS'
[0m15:57:22.046255 [debug] [ThreadPool]: Acquiring new snowflake connection 'list_NL2SQL_ANALYTICS_INTERMEDIATE'
[0m15:57:22.061912 [debug] [ThreadPool]: Acquiring new snowflake connection 'list_NL2SQL_ANALYTICS_STAGING'
[0m15:57:22.067254 [debug] [ThreadPool]: Using snowflake connection "list_NL2SQL_ANALYTICS_MARTS"
[0m15:57:22.068054 [debug] [ThreadPool]: Using snowflake connection "list_NL2SQL_ANALYTICS_INTERMEDIATE"
[0m15:57:22.068655 [debug] [ThreadPool]: On list_NL2SQL_ANALYTICS_MARTS: show objects in NL2SQL_ANALYTICS.MARTS
    limit 10000
    

/* {"app": "dbt", "dbt_version": "1.12.5", "profile_name": "nl2sql_analytics", "target_name": "dev", "connection_name": "list_NL2SQL_ANALYTICS_MARTS"} */;
[0m15:57:22.070292 [debug] [ThreadPool]: Using snowflake connection "list_NL2SQL_ANALYTICS_STAGING"
[0m15:57:22.071044 [debug] [ThreadPool]: On list_NL2SQL_ANALYTICS_INTERMEDIATE: show objects in NL2SQL_ANALYTICS.INTERMEDIATE
    limit 10000
    

/* {"app": "dbt", "dbt_version": "1.12.5", "profile_name": "nl2sql_analytics", "target_name": "dev", "connection_name": "list_NL2SQL_ANALYTICS_INTERMEDIATE"} */;
[0m15:57:22.071590 [debug] [ThreadPool]: Opening a new connection, currently in state init
[0m15:57:22.072083 [debug] [ThreadPool]: On list_NL2SQL_ANALYTICS_STAGING: show objects in NL2SQL_ANALYTICS.STAGING
    limit 10000
    

/* {"app": "dbt", "dbt_version": "1.12.5", "profile_name": "nl2sql_analytics", "target_name": "dev", "connection_name": "list_NL2SQL_ANALYTICS_STAGING"} */;
[0m15:57:22.072542 [debug] [ThreadPool]: Opening a new connection, currently in state init
[0m15:57:22.073157 [debug] [ThreadPool]: Opening a new connection, currently in state init
[0m15:57:23.321894 [debug] [ThreadPool]: SQL status: SUCCESS 3 in 1.250 seconds
[0m15:57:23.333619 [debug] [ThreadPool]: Using snowflake connection "list_NL2SQL_ANALYTICS_MARTS"
[0m15:57:23.334329 [debug] [ThreadPool]: On list_NL2SQL_ANALYTICS_MARTS: show user functions in NL2SQL_ANALYTICS.MARTS
/* {"app": "dbt", "dbt_version": "1.12.5", "profile_name": "nl2sql_analytics", "target_name": "dev", "connection_name": "list_NL2SQL_ANALYTICS_MARTS"} */
[0m15:57:23.933026 [debug] [ThreadPool]: SQL status: SUCCESS 0 in 0.598 seconds
[0m15:57:24.134944 [debug] [ThreadPool]: SQL status: SUCCESS 3 in 2.062 seconds
[0m15:57:24.141544 [debug] [ThreadPool]: Using snowflake connection "list_NL2SQL_ANALYTICS_STAGING"
[0m15:57:24.142682 [debug] [ThreadPool]: On list_NL2SQL_ANALYTICS_STAGING: show user functions in NL2SQL_ANALYTICS.STAGING
/* {"app": "dbt", "dbt_version": "1.12.5", "profile_name": "nl2sql_analytics", "target_name": "dev", "connection_name": "list_NL2SQL_ANALYTICS_STAGING"} */
[0m15:57:24.311001 [debug] [ThreadPool]: SQL status: SUCCESS 0 in 0.167 seconds
[0m15:57:24.329658 [debug] [ThreadPool]: SQL status: SUCCESS 1 in 2.257 seconds
[0m15:57:24.334315 [debug] [ThreadPool]: Using snowflake connection "list_NL2SQL_ANALYTICS_INTERMEDIATE"
[0m15:57:24.335740 [debug] [ThreadPool]: On list_NL2SQL_ANALYTICS_INTERMEDIATE: show user functions in NL2SQL_ANALYTICS.INTERMEDIATE
/* {"app": "dbt", "dbt_version": "1.12.5", "profile_name": "nl2sql_analytics", "target_name": "dev", "connection_name": "list_NL2SQL_ANALYTICS_INTERMEDIATE"} */
[0m15:57:24.546581 [debug] [ThreadPool]: SQL status: SUCCESS 0 in 0.210 seconds
[0m15:57:24.549929 [debug] [MainThread]: Sending event: {'category': 'dbt', 'action': 'runnable_timing', 'label': '46121a74-53d1-404c-9408-32068e83e74a', 'context': [<snowplow_tracker.self_describing_json.SelfDescribingJson object at 0x000001D51598C050>]}
[0m15:57:24.559158 [debug] [Thread-2 (]: Began running node test.nl2sql_analytics.not_null_stg_eval_results_result_id.9b4ed491ca
[0m15:57:24.559731 [debug] [Thread-5 (]: Began running node test.nl2sql_analytics.not_null_stg_query_history_history_id.9e33d481a5
[0m15:57:24.560166 [debug] [Thread-3 (]: Began running node test.nl2sql_analytics.not_null_stg_eval_results_run_id.7bfef45c78
[0m15:57:24.561402 [debug] [Thread-4 (]: Began running node test.nl2sql_analytics.not_null_stg_eval_runs_run_id.5413f36675
[0m15:57:24.561948 [info ] [Thread-2 (]: 1 of 8 START test not_null_stg_eval_results_result_id .......................... [RUN]
[0m15:57:24.562421 [info ] [Thread-5 (]: 4 of 8 START test not_null_stg_query_history_history_id ........................ [RUN]
[0m15:57:24.562997 [info ] [Thread-3 (]: 2 of 8 START test not_null_stg_eval_results_run_id ............................. [RUN]
[0m15:57:24.564214 [debug] [Thread-2 (]: Acquiring new snowflake connection 'test.nl2sql_analytics.not_null_stg_eval_results_result_id.9b4ed491ca'
[0m15:57:24.564869 [debug] [Thread-5 (]: Acquiring new snowflake connection 'test.nl2sql_analytics.not_null_stg_query_history_history_id.9e33d481a5'
[0m15:57:24.563491 [info ] [Thread-4 (]: 3 of 8 START test not_null_stg_eval_runs_run_id ................................ [RUN]
[0m15:57:24.565733 [debug] [Thread-3 (]: Acquiring new snowflake connection 'test.nl2sql_analytics.not_null_stg_eval_results_run_id.7bfef45c78'
[0m15:57:24.566198 [debug] [Thread-2 (]: Began compiling node test.nl2sql_analytics.not_null_stg_eval_results_result_id.9b4ed491ca
[0m15:57:24.566622 [debug] [Thread-5 (]: Began compiling node test.nl2sql_analytics.not_null_stg_query_history_history_id.9e33d481a5
[0m15:57:24.567164 [debug] [Thread-4 (]: Acquiring new snowflake connection 'test.nl2sql_analytics.not_null_stg_eval_runs_run_id.5413f36675'
[0m15:57:24.567575 [debug] [Thread-3 (]: Began compiling node test.nl2sql_analytics.not_null_stg_eval_results_run_id.7bfef45c78
[0m15:57:24.589583 [debug] [Thread-2 (]: Writing injected SQL for node "test.nl2sql_analytics.not_null_stg_eval_results_result_id.9b4ed491ca"
[0m15:57:24.597047 [debug] [Thread-5 (]: Writing injected SQL for node "test.nl2sql_analytics.not_null_stg_query_history_history_id.9e33d481a5"
[0m15:57:24.597649 [debug] [Thread-4 (]: Began compiling node test.nl2sql_analytics.not_null_stg_eval_runs_run_id.5413f36675
[0m15:57:24.606904 [debug] [Thread-3 (]: Writing injected SQL for node "test.nl2sql_analytics.not_null_stg_eval_results_run_id.7bfef45c78"
[0m15:57:24.614985 [debug] [Thread-4 (]: Writing injected SQL for node "test.nl2sql_analytics.not_null_stg_eval_runs_run_id.5413f36675"
[0m15:57:24.616750 [debug] [Thread-5 (]: Began executing node test.nl2sql_analytics.not_null_stg_query_history_history_id.9e33d481a5
[0m15:57:24.617813 [debug] [Thread-2 (]: Began executing node test.nl2sql_analytics.not_null_stg_eval_results_result_id.9b4ed491ca
[0m15:57:24.647724 [debug] [Thread-5 (]: Writing runtime sql for node "test.nl2sql_analytics.not_null_stg_query_history_history_id.9e33d481a5"
[0m15:57:24.651243 [debug] [Thread-2 (]: Writing runtime sql for node "test.nl2sql_analytics.not_null_stg_eval_results_result_id.9b4ed491ca"
[0m15:57:24.652336 [debug] [Thread-3 (]: Began executing node test.nl2sql_analytics.not_null_stg_eval_results_run_id.7bfef45c78
[0m15:57:24.654272 [debug] [Thread-4 (]: Began executing node test.nl2sql_analytics.not_null_stg_eval_runs_run_id.5413f36675
[0m15:57:24.657859 [debug] [Thread-3 (]: Writing runtime sql for node "test.nl2sql_analytics.not_null_stg_eval_results_run_id.7bfef45c78"
[0m15:57:24.660846 [debug] [Thread-4 (]: Writing runtime sql for node "test.nl2sql_analytics.not_null_stg_eval_runs_run_id.5413f36675"
[0m15:57:24.662860 [debug] [Thread-2 (]: Using snowflake connection "test.nl2sql_analytics.not_null_stg_eval_results_result_id.9b4ed491ca"
[0m15:57:24.664125 [debug] [Thread-5 (]: Using snowflake connection "test.nl2sql_analytics.not_null_stg_query_history_history_id.9e33d481a5"
[0m15:57:24.664871 [debug] [Thread-2 (]: On test.nl2sql_analytics.not_null_stg_eval_results_result_id.9b4ed491ca: select
      count(*) as failures,
      count(*) != 0 as should_warn,
      count(*) != 0 as should_error
    from (
      
    
  
    
    



select result_id
from NL2SQL_ANALYTICS.STAGING.stg_eval_results
where result_id is null



  
  
      
    ) dbt_internal_test
/* {"app": "dbt", "dbt_version": "1.12.5", "profile_name": "nl2sql_analytics", "target_name": "dev", "node_id": "test.nl2sql_analytics.not_null_stg_eval_results_result_id.9b4ed491ca"} */
[0m15:57:24.665863 [debug] [Thread-5 (]: On test.nl2sql_analytics.not_null_stg_query_history_history_id.9e33d481a5: select
      count(*) as failures,
      count(*) != 0 as should_warn,
      count(*) != 0 as should_error
    from (
      
    
  
    
    



select history_id
from NL2SQL_ANALYTICS.STAGING.stg_query_history
where history_id is null



  
  
      
    ) dbt_internal_test
/* {"app": "dbt", "dbt_version": "1.12.5", "profile_name": "nl2sql_analytics", "target_name": "dev", "node_id": "test.nl2sql_analytics.not_null_stg_query_history_history_id.9e33d481a5"} */
[0m15:57:24.666556 [debug] [Thread-2 (]: Opening a new connection, currently in state init
[0m15:57:24.667933 [debug] [Thread-4 (]: Using snowflake connection "test.nl2sql_analytics.not_null_stg_eval_runs_run_id.5413f36675"
[0m15:57:24.669451 [debug] [Thread-3 (]: Using snowflake connection "test.nl2sql_analytics.not_null_stg_eval_results_run_id.7bfef45c78"
[0m15:57:24.670421 [debug] [Thread-5 (]: Opening a new connection, currently in state init
[0m15:57:24.671510 [debug] [Thread-4 (]: On test.nl2sql_analytics.not_null_stg_eval_runs_run_id.5413f36675: select
      count(*) as failures,
      count(*) != 0 as should_warn,
      count(*) != 0 as should_error
    from (
      
    
  
    
    



select run_id
from NL2SQL_ANALYTICS.STAGING.stg_eval_runs
where run_id is null



  
  
      
    ) dbt_internal_test
/* {"app": "dbt", "dbt_version": "1.12.5", "profile_name": "nl2sql_analytics", "target_name": "dev", "node_id": "test.nl2sql_analytics.not_null_stg_eval_runs_run_id.5413f36675"} */
[0m15:57:24.672601 [debug] [Thread-3 (]: On test.nl2sql_analytics.not_null_stg_eval_results_run_id.7bfef45c78: select
      count(*) as failures,
      count(*) != 0 as should_warn,
      count(*) != 0 as should_error
    from (
      
    
  
    
    



select run_id
from NL2SQL_ANALYTICS.STAGING.stg_eval_results
where run_id is null



  
  
      
    ) dbt_internal_test
/* {"app": "dbt", "dbt_version": "1.12.5", "profile_name": "nl2sql_analytics", "target_name": "dev", "node_id": "test.nl2sql_analytics.not_null_stg_eval_results_run_id.7bfef45c78"} */
[0m15:57:24.673814 [debug] [Thread-4 (]: Opening a new connection, currently in state init
[0m15:57:24.728290 [debug] [Thread-3 (]: Opening a new connection, currently in state init
[0m15:57:25.350483 [debug] [Thread-2 (]: SQL status: SUCCESS 1 in 0.684 seconds
[0m15:57:25.384285 [info ] [Thread-2 (]: 1 of 8 PASS not_null_stg_eval_results_result_id ................................ [[32mPASS[0m in 0.82s]
[0m15:57:25.386630 [debug] [Thread-2 (]: Finished running node test.nl2sql_analytics.not_null_stg_eval_results_result_id.9b4ed491ca
[0m15:57:25.388040 [debug] [Thread-2 (]: Began running node test.nl2sql_analytics.relationships_stg_eval_results_run_id__run_id__ref_stg_eval_runs_.c5b93ec5b7
[0m15:57:25.388906 [info ] [Thread-2 (]: 5 of 8 START test relationships_stg_eval_results_run_id__run_id__ref_stg_eval_runs_  [RUN]
[0m15:57:25.389739 [debug] [Thread-2 (]: Re-using an available connection from the pool (formerly test.nl2sql_analytics.not_null_stg_eval_results_result_id.9b4ed491ca, now test.nl2sql_analytics.relationships_stg_eval_results_run_id__run_id__ref_stg_eval_runs_.c5b93ec5b7)
[0m15:57:25.390416 [debug] [Thread-2 (]: Began compiling node test.nl2sql_analytics.relationships_stg_eval_results_run_id__run_id__ref_stg_eval_runs_.c5b93ec5b7
[0m15:57:25.415650 [debug] [Thread-2 (]: Writing injected SQL for node "test.nl2sql_analytics.relationships_stg_eval_results_run_id__run_id__ref_stg_eval_runs_.c5b93ec5b7"
[0m15:57:25.418276 [debug] [Thread-3 (]: SQL status: SUCCESS 1 in 0.690 seconds
[0m15:57:25.423200 [debug] [Thread-2 (]: Began executing node test.nl2sql_analytics.relationships_stg_eval_results_run_id__run_id__ref_stg_eval_runs_.c5b93ec5b7
[0m15:57:25.422528 [info ] [Thread-3 (]: 2 of 8 PASS not_null_stg_eval_results_run_id ................................... [[32mPASS[0m in 0.86s]
[0m15:57:25.425451 [debug] [Thread-2 (]: Writing runtime sql for node "test.nl2sql_analytics.relationships_stg_eval_results_run_id__run_id__ref_stg_eval_runs_.c5b93ec5b7"
[0m15:57:25.426194 [debug] [Thread-3 (]: Finished running node test.nl2sql_analytics.not_null_stg_eval_results_run_id.7bfef45c78
[0m15:57:25.426808 [debug] [Thread-3 (]: Began running node test.nl2sql_analytics.unique_stg_eval_results_result_id.9ee52254b8
[0m15:57:25.427659 [info ] [Thread-3 (]: 6 of 8 START test unique_stg_eval_results_result_id ............................ [RUN]
[0m15:57:25.428941 [debug] [Thread-3 (]: Re-using an available connection from the pool (formerly test.nl2sql_analytics.not_null_stg_eval_results_run_id.7bfef45c78, now test.nl2sql_analytics.unique_stg_eval_results_result_id.9ee52254b8)
[0m15:57:25.429685 [debug] [Thread-3 (]: Began compiling node test.nl2sql_analytics.unique_stg_eval_results_result_id.9ee52254b8
[0m15:57:25.445614 [debug] [Thread-3 (]: Writing injected SQL for node "test.nl2sql_analytics.unique_stg_eval_results_result_id.9ee52254b8"
[0m15:57:25.447701 [debug] [Thread-2 (]: Using snowflake connection "test.nl2sql_analytics.relationships_stg_eval_results_run_id__run_id__ref_stg_eval_runs_.c5b93ec5b7"
[0m15:57:25.448748 [debug] [Thread-2 (]: On test.nl2sql_analytics.relationships_stg_eval_results_run_id__run_id__ref_stg_eval_runs_.c5b93ec5b7: select
      count(*) as failures,
      count(*) != 0 as should_warn,
      count(*) != 0 as should_error
    from (
      
    
  
    
    

with child as (
    select run_id as from_field
    from NL2SQL_ANALYTICS.STAGING.stg_eval_results
    where run_id is not null
),

parent as (
    select run_id as to_field
    from NL2SQL_ANALYTICS.STAGING.stg_eval_runs
)

select
    from_field

from child
left join parent
    on child.from_field = parent.to_field

where parent.to_field is null



  
  
      
    ) dbt_internal_test
/* {"app": "dbt", "dbt_version": "1.12.5", "profile_name": "nl2sql_analytics", "target_name": "dev", "node_id": "test.nl2sql_analytics.relationships_stg_eval_results_run_id__run_id__ref_stg_eval_runs_.c5b93ec5b7"} */
[0m15:57:25.451640 [debug] [Thread-3 (]: Began executing node test.nl2sql_analytics.unique_stg_eval_results_result_id.9ee52254b8
[0m15:57:25.456039 [debug] [Thread-3 (]: Writing runtime sql for node "test.nl2sql_analytics.unique_stg_eval_results_result_id.9ee52254b8"
[0m15:57:25.459527 [debug] [Thread-3 (]: Using snowflake connection "test.nl2sql_analytics.unique_stg_eval_results_result_id.9ee52254b8"
[0m15:57:25.460687 [debug] [Thread-3 (]: On test.nl2sql_analytics.unique_stg_eval_results_result_id.9ee52254b8: select
      count(*) as failures,
      count(*) != 0 as should_warn,
      count(*) != 0 as should_error
    from (
      
    
  
    
    

select
    result_id as unique_field,
    count(*) as n_records

from NL2SQL_ANALYTICS.STAGING.stg_eval_results
where result_id is not null
group by result_id
having count(*) > 1



  
  
      
    ) dbt_internal_test
/* {"app": "dbt", "dbt_version": "1.12.5", "profile_name": "nl2sql_analytics", "target_name": "dev", "node_id": "test.nl2sql_analytics.unique_stg_eval_results_result_id.9ee52254b8"} */
[0m15:57:25.490400 [debug] [Thread-5 (]: SQL status: SUCCESS 1 in 0.820 seconds
[0m15:57:25.494396 [info ] [Thread-5 (]: 4 of 8 PASS not_null_stg_query_history_history_id .............................. [[32mPASS[0m in 0.93s]
[0m15:57:25.495622 [debug] [Thread-5 (]: Finished running node test.nl2sql_analytics.not_null_stg_query_history_history_id.9e33d481a5
[0m15:57:25.496141 [debug] [Thread-5 (]: Began running node test.nl2sql_analytics.unique_stg_eval_runs_run_id.d068e13fae
[0m15:57:25.496926 [info ] [Thread-5 (]: 7 of 8 START test unique_stg_eval_runs_run_id .................................. [RUN]
[0m15:57:25.498596 [debug] [Thread-5 (]: Re-using an available connection from the pool (formerly test.nl2sql_analytics.not_null_stg_query_history_history_id.9e33d481a5, now test.nl2sql_analytics.unique_stg_eval_runs_run_id.d068e13fae)
[0m15:57:25.499787 [debug] [Thread-4 (]: SQL status: SUCCESS 1 in 0.826 seconds
[0m15:57:25.500241 [debug] [Thread-5 (]: Began compiling node test.nl2sql_analytics.unique_stg_eval_runs_run_id.d068e13fae
[0m15:57:25.504245 [info ] [Thread-4 (]: 3 of 8 PASS not_null_stg_eval_runs_run_id ...................................... [[32mPASS[0m in 0.94s]
[0m15:57:25.513138 [debug] [Thread-5 (]: Writing injected SQL for node "test.nl2sql_analytics.unique_stg_eval_runs_run_id.d068e13fae"
[0m15:57:25.513943 [debug] [Thread-4 (]: Finished running node test.nl2sql_analytics.not_null_stg_eval_runs_run_id.5413f36675
[0m15:57:25.514598 [debug] [Thread-4 (]: Began running node test.nl2sql_analytics.unique_stg_query_history_history_id.98363e75ca
[0m15:57:25.515226 [info ] [Thread-4 (]: 8 of 8 START test unique_stg_query_history_history_id .......................... [RUN]
[0m15:57:25.515956 [debug] [Thread-4 (]: Re-using an available connection from the pool (formerly test.nl2sql_analytics.not_null_stg_eval_runs_run_id.5413f36675, now test.nl2sql_analytics.unique_stg_query_history_history_id.98363e75ca)
[0m15:57:25.516460 [debug] [Thread-4 (]: Began compiling node test.nl2sql_analytics.unique_stg_query_history_history_id.98363e75ca
[0m15:57:25.532189 [debug] [Thread-4 (]: Writing injected SQL for node "test.nl2sql_analytics.unique_stg_query_history_history_id.98363e75ca"
[0m15:57:25.532740 [debug] [Thread-5 (]: Began executing node test.nl2sql_analytics.unique_stg_eval_runs_run_id.d068e13fae
[0m15:57:25.535020 [debug] [Thread-5 (]: Writing runtime sql for node "test.nl2sql_analytics.unique_stg_eval_runs_run_id.d068e13fae"
[0m15:57:25.538448 [debug] [Thread-4 (]: Began executing node test.nl2sql_analytics.unique_stg_query_history_history_id.98363e75ca
[0m15:57:25.539883 [debug] [Thread-5 (]: Using snowflake connection "test.nl2sql_analytics.unique_stg_eval_runs_run_id.d068e13fae"
[0m15:57:25.542035 [debug] [Thread-4 (]: Writing runtime sql for node "test.nl2sql_analytics.unique_stg_query_history_history_id.98363e75ca"
[0m15:57:25.542609 [debug] [Thread-5 (]: On test.nl2sql_analytics.unique_stg_eval_runs_run_id.d068e13fae: select
      count(*) as failures,
      count(*) != 0 as should_warn,
      count(*) != 0 as should_error
    from (
      
    
  
    
    

select
    run_id as unique_field,
    count(*) as n_records

from NL2SQL_ANALYTICS.STAGING.stg_eval_runs
where run_id is not null
group by run_id
having count(*) > 1



  
  
      
    ) dbt_internal_test
/* {"app": "dbt", "dbt_version": "1.12.5", "profile_name": "nl2sql_analytics", "target_name": "dev", "node_id": "test.nl2sql_analytics.unique_stg_eval_runs_run_id.d068e13fae"} */
[0m15:57:25.546003 [debug] [Thread-4 (]: Using snowflake connection "test.nl2sql_analytics.unique_stg_query_history_history_id.98363e75ca"
[0m15:57:25.546778 [debug] [Thread-4 (]: On test.nl2sql_analytics.unique_stg_query_history_history_id.98363e75ca: select
      count(*) as failures,
      count(*) != 0 as should_warn,
      count(*) != 0 as should_error
    from (
      
    
  
    
    

select
    history_id as unique_field,
    count(*) as n_records

from NL2SQL_ANALYTICS.STAGING.stg_query_history
where history_id is not null
group by history_id
having count(*) > 1



  
  
      
    ) dbt_internal_test
/* {"app": "dbt", "dbt_version": "1.12.5", "profile_name": "nl2sql_analytics", "target_name": "dev", "node_id": "test.nl2sql_analytics.unique_stg_query_history_history_id.98363e75ca"} */
[0m15:57:25.579057 [debug] [Thread-3 (]: SQL status: SUCCESS 1 in 0.118 seconds
[0m15:57:25.581324 [info ] [Thread-3 (]: 6 of 8 PASS unique_stg_eval_results_result_id .................................. [[32mPASS[0m in 0.15s]
[0m15:57:25.582102 [debug] [Thread-3 (]: Finished running node test.nl2sql_analytics.unique_stg_eval_results_result_id.9ee52254b8
[0m15:57:25.652935 [debug] [Thread-2 (]: SQL status: SUCCESS 1 in 0.203 seconds
[0m15:57:25.656903 [info ] [Thread-2 (]: 5 of 8 PASS relationships_stg_eval_results_run_id__run_id__ref_stg_eval_runs_ .. [[32mPASS[0m in 0.27s]
[0m15:57:25.658951 [debug] [Thread-2 (]: Finished running node test.nl2sql_analytics.relationships_stg_eval_results_run_id__run_id__ref_stg_eval_runs_.c5b93ec5b7
[0m15:57:25.725243 [debug] [Thread-5 (]: SQL status: SUCCESS 1 in 0.182 seconds
[0m15:57:25.729937 [info ] [Thread-5 (]: 7 of 8 PASS unique_stg_eval_runs_run_id ........................................ [[32mPASS[0m in 0.23s]
[0m15:57:25.731714 [debug] [Thread-5 (]: Finished running node test.nl2sql_analytics.unique_stg_eval_runs_run_id.d068e13fae
[0m15:57:25.745276 [debug] [Thread-4 (]: SQL status: SUCCESS 1 in 0.198 seconds
[0m15:57:25.748597 [info ] [Thread-4 (]: 8 of 8 PASS unique_stg_query_history_history_id ................................ [[32mPASS[0m in 0.23s]
[0m15:57:25.749775 [debug] [Thread-4 (]: Finished running node test.nl2sql_analytics.unique_stg_query_history_history_id.98363e75ca
[0m15:57:25.752885 [debug] [MainThread]: Connection 'master' was properly closed.
[0m15:57:25.753625 [debug] [MainThread]: Connection 'list_NL2SQL_ANALYTICS_MARTS' was left open.
[0m15:57:25.754643 [debug] [MainThread]: On list_NL2SQL_ANALYTICS_MARTS: Close
[0m15:57:25.872321 [debug] [MainThread]: Connection 'list_NL2SQL_ANALYTICS_INTERMEDIATE' was left open.
[0m15:57:25.873047 [debug] [MainThread]: On list_NL2SQL_ANALYTICS_INTERMEDIATE: Close
[0m15:57:25.992233 [debug] [MainThread]: Connection 'list_NL2SQL_ANALYTICS_STAGING' was left open.
[0m15:57:25.992911 [debug] [MainThread]: On list_NL2SQL_ANALYTICS_STAGING: Close
[0m15:57:26.112249 [debug] [MainThread]: Connection 'test.nl2sql_analytics.relationships_stg_eval_results_run_id__run_id__ref_stg_eval_runs_.c5b93ec5b7' was left open.
[0m15:57:26.113390 [debug] [MainThread]: On test.nl2sql_analytics.relationships_stg_eval_results_run_id__run_id__ref_stg_eval_runs_.c5b93ec5b7: Close
[0m15:57:26.242238 [debug] [MainThread]: Connection 'test.nl2sql_analytics.unique_stg_eval_runs_run_id.d068e13fae' was left open.
[0m15:57:26.243106 [debug] [MainThread]: On test.nl2sql_analytics.unique_stg_eval_runs_run_id.d068e13fae: Close
[0m15:57:26.392060 [debug] [MainThread]: Connection 'test.nl2sql_analytics.unique_stg_eval_results_result_id.9ee52254b8' was left open.
[0m15:57:26.393585 [debug] [MainThread]: On test.nl2sql_analytics.unique_stg_eval_results_result_id.9ee52254b8: Close
[0m15:57:26.545693 [debug] [MainThread]: Connection 'test.nl2sql_analytics.unique_stg_query_history_history_id.98363e75ca' was left open.
[0m15:57:26.546704 [debug] [MainThread]: On test.nl2sql_analytics.unique_stg_query_history_history_id.98363e75ca: Close
[0m15:57:26.712519 [info ] [MainThread]: 
[0m15:57:26.713853 [info ] [MainThread]: Finished running 8 data tests in 0 hours 0 minutes and 4.69 seconds (4.69s).
[0m15:57:26.720184 [debug] [MainThread]: Command end result
[0m15:57:26.791689 [debug] [MainThread]: Wrote artifact WritableManifest to C:\Users\Arun\OneDrive\Desktop\nl2sql-agentic-rag\nl2sql-agentic-rag\dbt_project\target\manifest.json
[0m15:57:26.799105 [debug] [MainThread]: Wrote artifact SemanticManifest to C:\Users\Arun\OneDrive\Desktop\nl2sql-agentic-rag\nl2sql-agentic-rag\dbt_project\target\semantic_manifest.json
[0m15:57:26.808341 [debug] [MainThread]: Wrote artifact OsiDocument to C:\Users\Arun\OneDrive\Desktop\nl2sql-agentic-rag\nl2sql-agentic-rag\dbt_project\target\osi_document.json
[0m15:57:26.821403 [debug] [MainThread]: Wrote artifact RunExecutionResult to C:\Users\Arun\OneDrive\Desktop\nl2sql-agentic-rag\nl2sql-agentic-rag\dbt_project\target\run_results.json
[0m15:57:26.822338 [info ] [MainThread]: 
[0m15:57:26.823205 [info ] [MainThread]: [32mCompleted successfully[0m
[0m15:57:26.823972 [info ] [MainThread]: 
[0m15:57:26.824753 [info ] [MainThread]: Done. PASS=8 WARN=0 ERROR=0 SKIP=0 NO-OP=0 REUSED=0 TOTAL=8
[0m15:57:26.826814 [debug] [MainThread]: Command `dbt test` succeeded at 15:57:26.826580 after 10.22 seconds
[0m15:57:26.827631 [debug] [MainThread]: Sending event: {'category': 'dbt', 'action': 'invocation', 'label': 'end', 'context': [<snowplow_tracker.self_describing_json.SelfDescribingJson object at 0x000001D502554110>, <snowplow_tracker.self_describing_json.SelfDescribingJson object at 0x000001D515D8AA40>, <snowplow_tracker.self_describing_json.SelfDescribingJson object at 0x000001D515D89A70>]}
[0m15:57:26.828447 [debug] [MainThread]: Flushing usage events
[0m15:57:27.656439 [debug] [MainThread]: An error was encountered while trying to flush usage events
[0m16:00:32.453911 [debug] [MainThread]: Sending event: {'category': 'dbt', 'action': 'invocation', 'label': 'start', 'context': [<snowplow_tracker.self_describing_json.SelfDescribingJson object at 0x000001ACA2F9DD30>, <snowplow_tracker.self_describing_json.SelfDescribingJson object at 0x000001AC9FF01090>, <snowplow_tracker.self_describing_json.SelfDescribingJson object at 0x000001ACA5583ED0>]}


============================== 16:00:32.463438 | 8ba323ac-7f75-43da-9c52-18f88b0e15da ==============================
[0m16:00:32.463438 [info ] [MainThread]: Running with dbt=1.12.5
[0m16:00:32.464275 [debug] [MainThread]: running dbt with arguments {'static_parser': 'True', 'no_print': 'None', 'version_check': 'True', 'warn_error_options': 'WarnErrorOptionsV2(error=[], warn=[], silence=[])', 'target_path': 'None', 'maximum_seed_size_mib': '1', 'printer_width': '80', 'write_json': 'True', 'introspect': 'True', 'log_cache_events': 'False', 'empty': 'False', 'cache_selected_only': 'False', 'fail_fast': 'False', 'debug': 'False', 'log_format': 'default', 'profiles_dir': 'C:\\Users\\Arun\\.dbt', 'send_anonymous_usage_stats': 'True', 'quiet': 'False', 'warn_error': 'None', 'partial_parse': 'True', 'use_colors': 'True', 'hints_enabled': 'True', 'invocation_command': 'dbt build', 'use_experimental_parser': 'False', 'indirect_selection': 'eager', 'log_path': 'C:\\Users\\Arun\\OneDrive\\Desktop\\nl2sql-agentic-rag\\nl2sql-agentic-rag\\dbt_project\\logs'}
[0m16:00:34.840069 [debug] [MainThread]: Snowflake adapter: Setting snowflake.connector to ERROR (file logging only)
[0m16:00:34.841566 [debug] [MainThread]: Snowflake adapter: Setting botocore to ERROR (file logging only)
[0m16:00:34.842026 [debug] [MainThread]: Snowflake adapter: Setting boto3 to ERROR (file logging only)
[0m16:00:35.475548 [debug] [MainThread]: Sending event: {'category': 'dbt', 'action': 'project_id', 'label': '8ba323ac-7f75-43da-9c52-18f88b0e15da', 'context': [<snowplow_tracker.self_describing_json.SelfDescribingJson object at 0x000001ACA34B7230>]}
[0m16:00:35.606669 [debug] [MainThread]: Sending event: {'category': 'dbt', 'action': 'adapter_info', 'label': '8ba323ac-7f75-43da-9c52-18f88b0e15da', 'context': [<snowplow_tracker.self_describing_json.SelfDescribingJson object at 0x000001ACA55B5F20>]}
[0m16:00:35.608672 [info ] [MainThread]: Registered adapter: snowflake=1.12.1
[0m16:00:36.309808 [debug] [MainThread]: checksum: 7cb6fbc234c85391064f5eab34df2c59dc8405dacac8927df8c69f1cba9e8d16, vars: {}, profile: nl2sql_analytics, target: dev, version: 1.12.5
[0m16:00:36.658893 [debug] [MainThread]: Partial parsing enabled: 0 files deleted, 1 files added, 1 files changed.
[0m16:00:36.659707 [debug] [MainThread]: Partial parsing: added file: nl2sql_analytics://tests\assert_accuracy_bounds.sql
[0m16:00:36.660468 [debug] [MainThread]: Partial parsing: updated file: nl2sql_analytics://models\staging\schema.yml
[0m16:00:38.276949 [debug] [MainThread]: Sending event: {'category': 'dbt', 'action': 'load_project', 'label': '8ba323ac-7f75-43da-9c52-18f88b0e15da', 'context': [<snowplow_tracker.self_describing_json.SelfDescribingJson object at 0x000001ACB74C2B50>]}
[0m16:00:38.460885 [debug] [MainThread]: Wrote artifact WritableManifest to C:\Users\Arun\OneDrive\Desktop\nl2sql-agentic-rag\nl2sql-agentic-rag\dbt_project\target\manifest.json
[0m16:00:38.467889 [debug] [MainThread]: Wrote artifact SemanticManifest to C:\Users\Arun\OneDrive\Desktop\nl2sql-agentic-rag\nl2sql-agentic-rag\dbt_project\target\semantic_manifest.json
[0m16:00:38.534422 [debug] [MainThread]: Wrote artifact OsiDocument to C:\Users\Arun\OneDrive\Desktop\nl2sql-agentic-rag\nl2sql-agentic-rag\dbt_project\target\osi_document.json
[0m16:00:38.620466 [debug] [MainThread]: Sending event: {'category': 'dbt', 'action': 'resource_counts', 'label': '8ba323ac-7f75-43da-9c52-18f88b0e15da', 'context': [<snowplow_tracker.self_describing_json.SelfDescribingJson object at 0x000001ACB8D25F40>]}
[0m16:00:38.621736 [info ] [MainThread]: Found 7 models, 11 data tests, 3 sources, 563 macros
[0m16:00:38.626374 [info ] [MainThread]: 
[0m16:00:38.626960 [info ] [MainThread]: Concurrency: 4 threads (target='dev')
[0m16:00:38.627331 [info ] [MainThread]: 
[0m16:00:38.627945 [debug] [MainThread]: Acquiring new snowflake connection 'master'
[0m16:00:38.637592 [debug] [ThreadPool]: Acquiring new snowflake connection 'list_NL2SQL_ANALYTICS'
[0m16:00:38.646056 [debug] [ThreadPool]: Acquiring new snowflake connection 'list_NL2SQL_ANALYTICS'
[0m16:00:38.663709 [debug] [ThreadPool]: Acquiring new snowflake connection 'list_NL2SQL_ANALYTICS'
[0m16:00:38.671054 [debug] [ThreadPool]: Using snowflake connection "list_NL2SQL_ANALYTICS"
[0m16:00:38.672053 [debug] [ThreadPool]: Using snowflake connection "list_NL2SQL_ANALYTICS"
[0m16:00:38.672738 [debug] [ThreadPool]: On list_NL2SQL_ANALYTICS: show terse schemas in database NL2SQL_ANALYTICS
    limit 10000
/* {"app": "dbt", "dbt_version": "1.12.5", "profile_name": "nl2sql_analytics", "target_name": "dev", "connection_name": "list_NL2SQL_ANALYTICS"} */
[0m16:00:38.673511 [debug] [ThreadPool]: Using snowflake connection "list_NL2SQL_ANALYTICS"
[0m16:00:38.674103 [debug] [ThreadPool]: On list_NL2SQL_ANALYTICS: show terse schemas in database NL2SQL_ANALYTICS
    limit 10000
/* {"app": "dbt", "dbt_version": "1.12.5", "profile_name": "nl2sql_analytics", "target_name": "dev", "connection_name": "list_NL2SQL_ANALYTICS"} */
[0m16:00:38.674799 [debug] [ThreadPool]: Opening a new connection, currently in state init
[0m16:00:38.675507 [debug] [ThreadPool]: On list_NL2SQL_ANALYTICS: show terse schemas in database NL2SQL_ANALYTICS
    limit 10000
/* {"app": "dbt", "dbt_version": "1.12.5", "profile_name": "nl2sql_analytics", "target_name": "dev", "connection_name": "list_NL2SQL_ANALYTICS"} */
[0m16:00:38.676077 [debug] [ThreadPool]: Opening a new connection, currently in state init
[0m16:00:38.676716 [debug] [ThreadPool]: Opening a new connection, currently in state init
[0m16:00:39.855601 [debug] [ThreadPool]: SQL status: SUCCESS 5 in 1.179 seconds
[0m16:00:40.108688 [debug] [ThreadPool]: SQL status: SUCCESS 5 in 1.432 seconds
[0m16:00:40.117265 [debug] [ThreadPool]: SQL status: SUCCESS 5 in 1.442 seconds
[0m16:00:40.124810 [debug] [ThreadPool]: Acquiring new snowflake connection 'list_NL2SQL_ANALYTICS_INTERMEDIATE'
[0m16:00:40.136295 [debug] [ThreadPool]: Acquiring new snowflake connection 'list_NL2SQL_ANALYTICS_STAGING'
[0m16:00:40.153295 [debug] [ThreadPool]: Acquiring new snowflake connection 'list_NL2SQL_ANALYTICS_MARTS'
[0m16:00:40.176687 [debug] [ThreadPool]: Using snowflake connection "list_NL2SQL_ANALYTICS_INTERMEDIATE"
[0m16:00:40.179319 [debug] [ThreadPool]: Using snowflake connection "list_NL2SQL_ANALYTICS_MARTS"
[0m16:00:40.182060 [debug] [ThreadPool]: Using snowflake connection "list_NL2SQL_ANALYTICS_STAGING"
[0m16:00:40.183259 [debug] [ThreadPool]: On list_NL2SQL_ANALYTICS_INTERMEDIATE: show objects in NL2SQL_ANALYTICS.INTERMEDIATE
    limit 10000
    

/* {"app": "dbt", "dbt_version": "1.12.5", "profile_name": "nl2sql_analytics", "target_name": "dev", "connection_name": "list_NL2SQL_ANALYTICS_INTERMEDIATE"} */;
[0m16:00:40.184697 [debug] [ThreadPool]: On list_NL2SQL_ANALYTICS_MARTS: show objects in NL2SQL_ANALYTICS.MARTS
    limit 10000
    

/* {"app": "dbt", "dbt_version": "1.12.5", "profile_name": "nl2sql_analytics", "target_name": "dev", "connection_name": "list_NL2SQL_ANALYTICS_MARTS"} */;
[0m16:00:40.187556 [debug] [ThreadPool]: On list_NL2SQL_ANALYTICS_STAGING: show objects in NL2SQL_ANALYTICS.STAGING
    limit 10000
    

/* {"app": "dbt", "dbt_version": "1.12.5", "profile_name": "nl2sql_analytics", "target_name": "dev", "connection_name": "list_NL2SQL_ANALYTICS_STAGING"} */;
[0m16:00:40.189320 [debug] [ThreadPool]: Opening a new connection, currently in state init
[0m16:00:40.190209 [debug] [ThreadPool]: Opening a new connection, currently in state init
[0m16:00:40.191010 [debug] [ThreadPool]: Opening a new connection, currently in state init
[0m16:00:40.853865 [debug] [ThreadPool]: SQL status: SUCCESS 1 in 0.664 seconds
[0m16:00:40.869907 [debug] [ThreadPool]: Using snowflake connection "list_NL2SQL_ANALYTICS_INTERMEDIATE"
[0m16:00:40.870805 [debug] [ThreadPool]: On list_NL2SQL_ANALYTICS_INTERMEDIATE: show user functions in NL2SQL_ANALYTICS.INTERMEDIATE
/* {"app": "dbt", "dbt_version": "1.12.5", "profile_name": "nl2sql_analytics", "target_name": "dev", "connection_name": "list_NL2SQL_ANALYTICS_INTERMEDIATE"} */
[0m16:00:40.903532 [debug] [ThreadPool]: SQL status: SUCCESS 3 in 0.712 seconds
[0m16:00:40.911179 [debug] [ThreadPool]: Using snowflake connection "list_NL2SQL_ANALYTICS_STAGING"
[0m16:00:40.912489 [debug] [ThreadPool]: On list_NL2SQL_ANALYTICS_STAGING: show user functions in NL2SQL_ANALYTICS.STAGING
/* {"app": "dbt", "dbt_version": "1.12.5", "profile_name": "nl2sql_analytics", "target_name": "dev", "connection_name": "list_NL2SQL_ANALYTICS_STAGING"} */
[0m16:00:40.990716 [debug] [ThreadPool]: SQL status: SUCCESS 0 in 0.119 seconds
[0m16:00:41.015944 [debug] [ThreadPool]: SQL status: SUCCESS 0 in 0.102 seconds
[0m16:00:41.359583 [debug] [ThreadPool]: SQL status: SUCCESS 3 in 1.169 seconds
[0m16:00:41.366485 [debug] [ThreadPool]: Using snowflake connection "list_NL2SQL_ANALYTICS_MARTS"
[0m16:00:41.368530 [debug] [ThreadPool]: On list_NL2SQL_ANALYTICS_MARTS: show user functions in NL2SQL_ANALYTICS.MARTS
/* {"app": "dbt", "dbt_version": "1.12.5", "profile_name": "nl2sql_analytics", "target_name": "dev", "connection_name": "list_NL2SQL_ANALYTICS_MARTS"} */
[0m16:00:41.496885 [debug] [ThreadPool]: SQL status: SUCCESS 0 in 0.127 seconds
[0m16:00:41.502478 [debug] [MainThread]: Sending event: {'category': 'dbt', 'action': 'runnable_timing', 'label': '8ba323ac-7f75-43da-9c52-18f88b0e15da', 'context': [<snowplow_tracker.self_describing_json.SelfDescribingJson object at 0x000001ACB79C2350>]}
[0m16:00:41.510626 [debug] [Thread-2 (]: Began running node model.nl2sql_analytics.stg_eval_results
[0m16:00:41.511388 [debug] [Thread-3 (]: Began running node model.nl2sql_analytics.stg_eval_runs
[0m16:00:41.512052 [debug] [Thread-4 (]: Began running node model.nl2sql_analytics.stg_query_history
[0m16:00:41.512860 [info ] [Thread-2 (]: 1 of 18 START sql view model STAGING.stg_eval_results .......................... [RUN]
[0m16:00:41.513634 [info ] [Thread-3 (]: 2 of 18 START sql view model STAGING.stg_eval_runs ............................. [RUN]
[0m16:00:41.515525 [debug] [Thread-2 (]: Acquiring new snowflake connection 'model.nl2sql_analytics.stg_eval_results'
[0m16:00:41.514445 [info ] [Thread-4 (]: 3 of 18 START sql view model STAGING.stg_query_history ......................... [RUN]
[0m16:00:41.517094 [debug] [Thread-3 (]: Acquiring new snowflake connection 'model.nl2sql_analytics.stg_eval_runs'
[0m16:00:41.517766 [debug] [Thread-2 (]: Began compiling node model.nl2sql_analytics.stg_eval_results
[0m16:00:41.518971 [debug] [Thread-4 (]: Acquiring new snowflake connection 'model.nl2sql_analytics.stg_query_history'
[0m16:00:41.519846 [debug] [Thread-3 (]: Began compiling node model.nl2sql_analytics.stg_eval_runs
[0m16:00:41.534596 [debug] [Thread-2 (]: Writing injected SQL for node "model.nl2sql_analytics.stg_eval_results"
[0m16:00:41.536240 [debug] [Thread-4 (]: Began compiling node model.nl2sql_analytics.stg_query_history
[0m16:00:41.540720 [debug] [Thread-3 (]: Writing injected SQL for node "model.nl2sql_analytics.stg_eval_runs"
[0m16:00:41.545911 [debug] [Thread-4 (]: Writing injected SQL for node "model.nl2sql_analytics.stg_query_history"
[0m16:00:41.549171 [debug] [Thread-2 (]: Began executing node model.nl2sql_analytics.stg_eval_results
[0m16:00:41.600884 [debug] [Thread-3 (]: Began executing node model.nl2sql_analytics.stg_eval_runs
[0m16:00:41.633310 [debug] [Thread-3 (]: Writing runtime sql for node "model.nl2sql_analytics.stg_eval_runs"
[0m16:00:41.636568 [debug] [Thread-4 (]: Began executing node model.nl2sql_analytics.stg_query_history
[0m16:00:41.642737 [debug] [Thread-4 (]: Writing runtime sql for node "model.nl2sql_analytics.stg_query_history"
[0m16:00:41.634485 [debug] [Thread-2 (]: Writing runtime sql for node "model.nl2sql_analytics.stg_eval_results"
[0m16:00:41.648847 [debug] [Thread-3 (]: Using snowflake connection "model.nl2sql_analytics.stg_eval_runs"
[0m16:00:41.650013 [debug] [Thread-3 (]: On model.nl2sql_analytics.stg_eval_runs: create or replace   view NL2SQL_ANALYTICS.STAGING.stg_eval_runs
  
  
  
  
  as (
    -- Thin pass-through over RAW.EVAL_RUNS. No filtering, no joins, no business
-- logic -- the only job here is to pin down types so downstream models can
-- rely on them instead of re-deriving them.

with source as (

    select * from NL2SQL_ANALYTICS.RAW.eval_runs

),

casted as (

    select
        cast(run_id                      as varchar(36))   as run_id,
        cast(run_timestamp               as timestamp_ntz) as run_timestamp,
        cast(config_label                as varchar(100))  as config_label,
        cast(include_evidence_in_prompts as boolean)       as include_evidence_in_prompts,

        cast(planner_provider            as varchar(50))   as planner_provider,
        cast(planner_model               as varchar(100))  as planner_model,
        cast(generator_provider          as varchar(50))   as generator_provider,
        cast(generator_model             as varchar(100))  as generator_model,
        cast(classifier_provider         as varchar(50))   as classifier_provider,
        cast(classifier_model            as varchar(100))  as classifier_model,

        cast(total_questions             as number)        as total_questions,
        cast(source_file_hash            as varchar(64))   as source_file_hash

    from source

)

select * from casted
  )
/* {"app": "dbt", "dbt_version": "1.12.5", "profile_name": "nl2sql_analytics", "target_name": "dev", "node_id": "model.nl2sql_analytics.stg_eval_runs"} */;
[0m16:00:41.650819 [debug] [Thread-3 (]: Opening a new connection, currently in state init
[0m16:00:41.720005 [debug] [Thread-2 (]: Using snowflake connection "model.nl2sql_analytics.stg_eval_results"
[0m16:00:41.722682 [debug] [Thread-4 (]: Using snowflake connection "model.nl2sql_analytics.stg_query_history"
[0m16:00:41.723490 [debug] [Thread-2 (]: On model.nl2sql_analytics.stg_eval_results: create or replace   view NL2SQL_ANALYTICS.STAGING.stg_eval_results
  
  
  
  
  as (
    -- Thin pass-through over RAW.EVAL_RESULTS. One row per benchmark question.
--
-- Note `correct` is a real boolean here because eval/load_to_snowflake.py
-- converts the CSV's "True"/"False" text before loading. Downstream models can
-- therefore aggregate it directly rather than comparing against strings.

with source as (

    select * from NL2SQL_ANALYTICS.RAW.eval_results

),

casted as (

    select
        cast(result_id            as number)       as result_id,
        cast(run_id               as varchar(36))  as run_id,
        cast(question_id          as number)       as question_id,
        cast(db_id                as varchar(50))  as db_id,

        cast(question             as varchar)      as question,
        cast(evidence             as varchar)      as evidence,
        cast(gold_sql             as varchar)      as gold_sql,
        cast(predicted_sql        as varchar)      as predicted_sql,

        cast(correct              as boolean)      as correct,
        cast(difficulty           as varchar(20))  as difficulty,
        cast(retries              as number)       as retries,

        cast(error_classes_hit    as varchar)      as error_classes_hit,
        cast(fatal_error          as varchar)      as fatal_error,
        cast(schema_context_chars as number)       as schema_context_chars,
        cast(seconds              as float)        as seconds

    from source

)

select * from casted
  )
/* {"app": "dbt", "dbt_version": "1.12.5", "profile_name": "nl2sql_analytics", "target_name": "dev", "node_id": "model.nl2sql_analytics.stg_eval_results"} */;
[0m16:00:41.725346 [debug] [Thread-4 (]: On model.nl2sql_analytics.stg_query_history: create or replace   view NL2SQL_ANALYTICS.STAGING.stg_query_history
  
  
  
  
  as (
    -- Thin pass-through over RAW.QUERY_HISTORY. One row per live agent invocation
-- logged by the MCP server.
--
-- Unlike the eval_* tables this is append-only telemetry with no run_id, so it
-- cannot be joined to a benchmark run. It answers "what is actually being
-- asked in production", not "how did configuration X score".

with source as (

    select * from NL2SQL_ANALYTICS.RAW.query_history

),

casted as (

    select
        cast(history_id    as number)        as history_id,
        cast(invoked_at    as timestamp_ntz) as invoked_at,
        cast(db_id         as varchar(50))   as db_id,
        cast(question      as varchar)       as question,
        cast(sql_generated as varchar)       as sql_generated,
        cast(success       as boolean)       as success,
        cast(retries       as number)        as retries,
        cast(source        as varchar(20))   as source

    from source

)

select * from casted
  )
/* {"app": "dbt", "dbt_version": "1.12.5", "profile_name": "nl2sql_analytics", "target_name": "dev", "node_id": "model.nl2sql_analytics.stg_query_history"} */;
[0m16:00:41.726654 [debug] [Thread-2 (]: Opening a new connection, currently in state init
[0m16:00:41.727754 [debug] [Thread-4 (]: Opening a new connection, currently in state init
[0m16:00:42.540581 [debug] [Thread-2 (]: SQL status: SUCCESS 1 in 0.814 seconds
[0m16:00:42.590117 [debug] [Thread-2 (]: Sending event: {'category': 'dbt', 'action': 'run_model', 'label': '8ba323ac-7f75-43da-9c52-18f88b0e15da', 'context': [<snowplow_tracker.self_describing_json.SelfDescribingJson object at 0x000001ACB9375BF0>]}
[0m16:00:42.591237 [info ] [Thread-2 (]: 1 of 18 OK created sql view model STAGING.stg_eval_results ..................... [[32mSUCCESS 1[0m in 1.06s]
[0m16:00:42.593857 [debug] [Thread-2 (]: Finished running node model.nl2sql_analytics.stg_eval_results
[0m16:00:42.595597 [debug] [Thread-5 (]: Began running node test.nl2sql_analytics.accepted_values_stg_eval_results_difficulty__simple__moderate__challenging.32596065cf
[0m16:00:42.596189 [debug] [Thread-2 (]: Began running node test.nl2sql_analytics.not_null_stg_eval_results_result_id.9b4ed491ca
[0m16:00:42.596675 [info ] [Thread-5 (]: 4 of 18 START test accepted_values_stg_eval_results_difficulty__simple__moderate__challenging  [RUN]
[0m16:00:42.597195 [info ] [Thread-2 (]: 5 of 18 START test not_null_stg_eval_results_result_id ......................... [RUN]
[0m16:00:42.597883 [debug] [Thread-5 (]: Acquiring new snowflake connection 'test.nl2sql_analytics.accepted_values_stg_eval_results_difficulty__simple__moderate__challenging.32596065cf'
[0m16:00:42.598349 [debug] [Thread-2 (]: Re-using an available connection from the pool (formerly model.nl2sql_analytics.stg_eval_results, now test.nl2sql_analytics.not_null_stg_eval_results_result_id.9b4ed491ca)
[0m16:00:42.598864 [debug] [Thread-5 (]: Began compiling node test.nl2sql_analytics.accepted_values_stg_eval_results_difficulty__simple__moderate__challenging.32596065cf
[0m16:00:42.599273 [debug] [Thread-2 (]: Began compiling node test.nl2sql_analytics.not_null_stg_eval_results_result_id.9b4ed491ca
[0m16:00:42.610327 [debug] [Thread-5 (]: Writing injected SQL for node "test.nl2sql_analytics.accepted_values_stg_eval_results_difficulty__simple__moderate__challenging.32596065cf"
[0m16:00:42.624057 [debug] [Thread-2 (]: Writing injected SQL for node "test.nl2sql_analytics.not_null_stg_eval_results_result_id.9b4ed491ca"
[0m16:00:42.626502 [debug] [Thread-5 (]: Began executing node test.nl2sql_analytics.accepted_values_stg_eval_results_difficulty__simple__moderate__challenging.32596065cf
[0m16:00:42.634200 [debug] [Thread-2 (]: Began executing node test.nl2sql_analytics.not_null_stg_eval_results_result_id.9b4ed491ca
[0m16:00:42.655347 [debug] [Thread-2 (]: Writing runtime sql for node "test.nl2sql_analytics.not_null_stg_eval_results_result_id.9b4ed491ca"
[0m16:00:42.659284 [debug] [Thread-5 (]: Writing runtime sql for node "test.nl2sql_analytics.accepted_values_stg_eval_results_difficulty__simple__moderate__challenging.32596065cf"
[0m16:00:42.663536 [debug] [Thread-5 (]: Using snowflake connection "test.nl2sql_analytics.accepted_values_stg_eval_results_difficulty__simple__moderate__challenging.32596065cf"
[0m16:00:42.664265 [debug] [Thread-5 (]: On test.nl2sql_analytics.accepted_values_stg_eval_results_difficulty__simple__moderate__challenging.32596065cf: select
      count(*) as failures,
      count(*) != 0 as should_warn,
      count(*) != 0 as should_error
    from (
      
    
  
    
    

with all_values as (

    select
        difficulty as value_field,
        count(*) as n_records

    from NL2SQL_ANALYTICS.STAGING.stg_eval_results
    group by difficulty

)

select *
from all_values
where value_field not in (
    'simple','moderate','challenging'
)



  
  
      
    ) dbt_internal_test
/* {"app": "dbt", "dbt_version": "1.12.5", "profile_name": "nl2sql_analytics", "target_name": "dev", "node_id": "test.nl2sql_analytics.accepted_values_stg_eval_results_difficulty__simple__moderate__challenging.32596065cf"} */
[0m16:00:42.664724 [debug] [Thread-5 (]: Opening a new connection, currently in state init
[0m16:00:42.713408 [debug] [Thread-2 (]: Using snowflake connection "test.nl2sql_analytics.not_null_stg_eval_results_result_id.9b4ed491ca"
[0m16:00:42.714783 [debug] [Thread-2 (]: On test.nl2sql_analytics.not_null_stg_eval_results_result_id.9b4ed491ca: select
      count(*) as failures,
      count(*) != 0 as should_warn,
      count(*) != 0 as should_error
    from (
      
    
  
    
    



select result_id
from NL2SQL_ANALYTICS.STAGING.stg_eval_results
where result_id is null



  
  
      
    ) dbt_internal_test
/* {"app": "dbt", "dbt_version": "1.12.5", "profile_name": "nl2sql_analytics", "target_name": "dev", "node_id": "test.nl2sql_analytics.not_null_stg_eval_results_result_id.9b4ed491ca"} */
[0m16:00:42.842822 [debug] [Thread-4 (]: SQL status: SUCCESS 1 in 1.115 seconds
[0m16:00:42.844461 [debug] [Thread-3 (]: SQL status: SUCCESS 1 in 1.194 seconds
[0m16:00:42.848764 [debug] [Thread-4 (]: Sending event: {'category': 'dbt', 'action': 'run_model', 'label': '8ba323ac-7f75-43da-9c52-18f88b0e15da', 'context': [<snowplow_tracker.self_describing_json.SelfDescribingJson object at 0x000001ACB8DCBAD0>]}
[0m16:00:42.853499 [debug] [Thread-3 (]: Sending event: {'category': 'dbt', 'action': 'run_model', 'label': '8ba323ac-7f75-43da-9c52-18f88b0e15da', 'context': [<snowplow_tracker.self_describing_json.SelfDescribingJson object at 0x000001ACB921ADB0>]}
[0m16:00:42.854848 [info ] [Thread-4 (]: 3 of 18 OK created sql view model STAGING.stg_query_history .................... [[32mSUCCESS 1[0m in 1.33s]
[0m16:00:42.856715 [info ] [Thread-3 (]: 2 of 18 OK created sql view model STAGING.stg_eval_runs ........................ [[32mSUCCESS 1[0m in 1.34s]
[0m16:00:42.858449 [debug] [Thread-4 (]: Finished running node model.nl2sql_analytics.stg_query_history
[0m16:00:42.860088 [debug] [Thread-3 (]: Finished running node model.nl2sql_analytics.stg_eval_runs
[0m16:00:42.861166 [debug] [Thread-4 (]: Began running node test.nl2sql_analytics.not_null_stg_eval_results_run_id.7bfef45c78
[0m16:00:42.862421 [debug] [Thread-3 (]: Began running node test.nl2sql_analytics.unique_stg_eval_results_result_id.9ee52254b8
[0m16:00:42.863755 [info ] [Thread-4 (]: 6 of 18 START test not_null_stg_eval_results_run_id ............................ [RUN]
[0m16:00:42.865150 [debug] [Thread-4 (]: Re-using an available connection from the pool (formerly model.nl2sql_analytics.stg_query_history, now test.nl2sql_analytics.not_null_stg_eval_results_run_id.7bfef45c78)
[0m16:00:42.865835 [debug] [Thread-4 (]: Began compiling node test.nl2sql_analytics.not_null_stg_eval_results_run_id.7bfef45c78
[0m16:00:42.875224 [debug] [Thread-4 (]: Writing injected SQL for node "test.nl2sql_analytics.not_null_stg_eval_results_run_id.7bfef45c78"
[0m16:00:42.864415 [info ] [Thread-3 (]: 7 of 18 START test unique_stg_eval_results_result_id ........................... [RUN]
[0m16:00:42.876344 [debug] [Thread-3 (]: Re-using an available connection from the pool (formerly model.nl2sql_analytics.stg_eval_runs, now test.nl2sql_analytics.unique_stg_eval_results_result_id.9ee52254b8)
[0m16:00:42.877038 [debug] [Thread-3 (]: Began compiling node test.nl2sql_analytics.unique_stg_eval_results_result_id.9ee52254b8
[0m16:00:42.887775 [debug] [Thread-3 (]: Writing injected SQL for node "test.nl2sql_analytics.unique_stg_eval_results_result_id.9ee52254b8"
[0m16:00:42.889033 [debug] [Thread-4 (]: Began executing node test.nl2sql_analytics.not_null_stg_eval_results_run_id.7bfef45c78
[0m16:00:42.892321 [debug] [Thread-4 (]: Writing runtime sql for node "test.nl2sql_analytics.not_null_stg_eval_results_run_id.7bfef45c78"
[0m16:00:42.893746 [debug] [Thread-3 (]: Began executing node test.nl2sql_analytics.unique_stg_eval_results_result_id.9ee52254b8
[0m16:00:42.896232 [debug] [Thread-3 (]: Writing runtime sql for node "test.nl2sql_analytics.unique_stg_eval_results_result_id.9ee52254b8"
[0m16:00:42.897747 [debug] [Thread-4 (]: Using snowflake connection "test.nl2sql_analytics.not_null_stg_eval_results_run_id.7bfef45c78"
[0m16:00:42.898485 [debug] [Thread-4 (]: On test.nl2sql_analytics.not_null_stg_eval_results_run_id.7bfef45c78: select
      count(*) as failures,
      count(*) != 0 as should_warn,
      count(*) != 0 as should_error
    from (
      
    
  
    
    



select run_id
from NL2SQL_ANALYTICS.STAGING.stg_eval_results
where run_id is null



  
  
      
    ) dbt_internal_test
/* {"app": "dbt", "dbt_version": "1.12.5", "profile_name": "nl2sql_analytics", "target_name": "dev", "node_id": "test.nl2sql_analytics.not_null_stg_eval_results_run_id.7bfef45c78"} */
[0m16:00:42.901171 [debug] [Thread-3 (]: Using snowflake connection "test.nl2sql_analytics.unique_stg_eval_results_result_id.9ee52254b8"
[0m16:00:42.902252 [debug] [Thread-3 (]: On test.nl2sql_analytics.unique_stg_eval_results_result_id.9ee52254b8: select
      count(*) as failures,
      count(*) != 0 as should_warn,
      count(*) != 0 as should_error
    from (
      
    
  
    
    

select
    result_id as unique_field,
    count(*) as n_records

from NL2SQL_ANALYTICS.STAGING.stg_eval_results
where result_id is not null
group by result_id
having count(*) > 1



  
  
      
    ) dbt_internal_test
/* {"app": "dbt", "dbt_version": "1.12.5", "profile_name": "nl2sql_analytics", "target_name": "dev", "node_id": "test.nl2sql_analytics.unique_stg_eval_results_result_id.9ee52254b8"} */
[0m16:00:43.669975 [debug] [Thread-4 (]: SQL status: SUCCESS 1 in 0.771 seconds
[0m16:00:43.689261 [info ] [Thread-4 (]: 6 of 18 PASS not_null_stg_eval_results_run_id .................................. [[32mPASS[0m in 0.82s]
[0m16:00:43.691286 [debug] [Thread-4 (]: Finished running node test.nl2sql_analytics.not_null_stg_eval_results_run_id.7bfef45c78
[0m16:00:43.692423 [debug] [Thread-4 (]: Began running node test.nl2sql_analytics.accepted_values_stg_query_history_source__api__mcp__streamlit_ui.4600432697
[0m16:00:43.694243 [info ] [Thread-4 (]: 8 of 18 START test accepted_values_stg_query_history_source__api__mcp__streamlit_ui  [RUN]
[0m16:00:43.695683 [debug] [Thread-4 (]: Re-using an available connection from the pool (formerly test.nl2sql_analytics.not_null_stg_eval_results_run_id.7bfef45c78, now test.nl2sql_analytics.accepted_values_stg_query_history_source__api__mcp__streamlit_ui.4600432697)
[0m16:00:43.696580 [debug] [Thread-4 (]: Began compiling node test.nl2sql_analytics.accepted_values_stg_query_history_source__api__mcp__streamlit_ui.4600432697
[0m16:00:43.712840 [debug] [Thread-4 (]: Writing injected SQL for node "test.nl2sql_analytics.accepted_values_stg_query_history_source__api__mcp__streamlit_ui.4600432697"
[0m16:00:43.714587 [debug] [Thread-2 (]: SQL status: SUCCESS 1 in 0.999 seconds
[0m16:00:43.718618 [info ] [Thread-2 (]: 5 of 18 PASS not_null_stg_eval_results_result_id ............................... [[32mPASS[0m in 1.12s]
[0m16:00:43.720461 [debug] [Thread-2 (]: Finished running node test.nl2sql_analytics.not_null_stg_eval_results_result_id.9b4ed491ca
[0m16:00:43.721732 [debug] [Thread-2 (]: Began running node test.nl2sql_analytics.not_null_stg_query_history_history_id.9e33d481a5
[0m16:00:43.722766 [info ] [Thread-2 (]: 9 of 18 START test not_null_stg_query_history_history_id ....................... [RUN]
[0m16:00:43.724011 [debug] [Thread-2 (]: Re-using an available connection from the pool (formerly test.nl2sql_analytics.not_null_stg_eval_results_result_id.9b4ed491ca, now test.nl2sql_analytics.not_null_stg_query_history_history_id.9e33d481a5)
[0m16:00:43.724779 [debug] [Thread-2 (]: Began compiling node test.nl2sql_analytics.not_null_stg_query_history_history_id.9e33d481a5
[0m16:00:43.735007 [debug] [Thread-2 (]: Writing injected SQL for node "test.nl2sql_analytics.not_null_stg_query_history_history_id.9e33d481a5"
[0m16:00:43.736462 [debug] [Thread-4 (]: Began executing node test.nl2sql_analytics.accepted_values_stg_query_history_source__api__mcp__streamlit_ui.4600432697
[0m16:00:43.740793 [debug] [Thread-4 (]: Writing runtime sql for node "test.nl2sql_analytics.accepted_values_stg_query_history_source__api__mcp__streamlit_ui.4600432697"
[0m16:00:43.742203 [debug] [Thread-2 (]: Began executing node test.nl2sql_analytics.not_null_stg_query_history_history_id.9e33d481a5
[0m16:00:43.744928 [debug] [Thread-2 (]: Writing runtime sql for node "test.nl2sql_analytics.not_null_stg_query_history_history_id.9e33d481a5"
[0m16:00:43.746749 [debug] [Thread-4 (]: Using snowflake connection "test.nl2sql_analytics.accepted_values_stg_query_history_source__api__mcp__streamlit_ui.4600432697"
[0m16:00:43.747438 [debug] [Thread-4 (]: On test.nl2sql_analytics.accepted_values_stg_query_history_source__api__mcp__streamlit_ui.4600432697: select
      count(*) as failures,
      count(*) != 0 as should_warn,
      count(*) != 0 as should_error
    from (
      
    
  
    
    

with all_values as (

    select
        source as value_field,
        count(*) as n_records

    from NL2SQL_ANALYTICS.STAGING.stg_query_history
    group by source

)

select *
from all_values
where value_field not in (
    'api','mcp','streamlit_ui'
)



  
  
      
    ) dbt_internal_test
/* {"app": "dbt", "dbt_version": "1.12.5", "profile_name": "nl2sql_analytics", "target_name": "dev", "node_id": "test.nl2sql_analytics.accepted_values_stg_query_history_source__api__mcp__streamlit_ui.4600432697"} */
[0m16:00:43.749807 [debug] [Thread-2 (]: Using snowflake connection "test.nl2sql_analytics.not_null_stg_query_history_history_id.9e33d481a5"
[0m16:00:43.750620 [debug] [Thread-2 (]: On test.nl2sql_analytics.not_null_stg_query_history_history_id.9e33d481a5: select
      count(*) as failures,
      count(*) != 0 as should_warn,
      count(*) != 0 as should_error
    from (
      
    
  
    
    



select history_id
from NL2SQL_ANALYTICS.STAGING.stg_query_history
where history_id is null



  
  
      
    ) dbt_internal_test
/* {"app": "dbt", "dbt_version": "1.12.5", "profile_name": "nl2sql_analytics", "target_name": "dev", "node_id": "test.nl2sql_analytics.not_null_stg_query_history_history_id.9e33d481a5"} */
[0m16:00:43.769955 [debug] [Thread-3 (]: SQL status: SUCCESS 1 in 0.866 seconds
[0m16:00:43.775034 [info ] [Thread-3 (]: 7 of 18 PASS unique_stg_eval_results_result_id ................................. [[32mPASS[0m in 0.90s]
[0m16:00:43.777072 [debug] [Thread-3 (]: Finished running node test.nl2sql_analytics.unique_stg_eval_results_result_id.9ee52254b8
[0m16:00:43.778352 [debug] [Thread-3 (]: Began running node test.nl2sql_analytics.unique_stg_query_history_history_id.98363e75ca
[0m16:00:43.779610 [info ] [Thread-3 (]: 10 of 18 START test unique_stg_query_history_history_id ........................ [RUN]
[0m16:00:43.780406 [debug] [Thread-3 (]: Re-using an available connection from the pool (formerly test.nl2sql_analytics.unique_stg_eval_results_result_id.9ee52254b8, now test.nl2sql_analytics.unique_stg_query_history_history_id.98363e75ca)
[0m16:00:43.780950 [debug] [Thread-3 (]: Began compiling node test.nl2sql_analytics.unique_stg_query_history_history_id.98363e75ca
[0m16:00:43.790407 [debug] [Thread-3 (]: Writing injected SQL for node "test.nl2sql_analytics.unique_stg_query_history_history_id.98363e75ca"
[0m16:00:43.792383 [debug] [Thread-5 (]: SQL status: SUCCESS 1 in 1.128 seconds
[0m16:00:43.794653 [info ] [Thread-5 (]: 4 of 18 PASS accepted_values_stg_eval_results_difficulty__simple__moderate__challenging  [[32mPASS[0m in 1.20s]
[0m16:00:43.795416 [debug] [Thread-5 (]: Finished running node test.nl2sql_analytics.accepted_values_stg_eval_results_difficulty__simple__moderate__challenging.32596065cf
[0m16:00:43.795853 [debug] [Thread-5 (]: Began running node test.nl2sql_analytics.not_null_stg_eval_runs_run_id.5413f36675
[0m16:00:43.796322 [info ] [Thread-5 (]: 11 of 18 START test not_null_stg_eval_runs_run_id .............................. [RUN]
[0m16:00:43.796933 [debug] [Thread-5 (]: Re-using an available connection from the pool (formerly test.nl2sql_analytics.accepted_values_stg_eval_results_difficulty__simple__moderate__challenging.32596065cf, now test.nl2sql_analytics.not_null_stg_eval_runs_run_id.5413f36675)
[0m16:00:43.797570 [debug] [Thread-5 (]: Began compiling node test.nl2sql_analytics.not_null_stg_eval_runs_run_id.5413f36675
[0m16:00:43.798296 [debug] [Thread-3 (]: Began executing node test.nl2sql_analytics.unique_stg_query_history_history_id.98363e75ca
[0m16:00:43.808962 [debug] [Thread-5 (]: Writing injected SQL for node "test.nl2sql_analytics.not_null_stg_eval_runs_run_id.5413f36675"
[0m16:00:43.810967 [debug] [Thread-3 (]: Writing runtime sql for node "test.nl2sql_analytics.unique_stg_query_history_history_id.98363e75ca"
[0m16:00:43.812798 [debug] [Thread-5 (]: Began executing node test.nl2sql_analytics.not_null_stg_eval_runs_run_id.5413f36675
[0m16:00:43.814330 [debug] [Thread-3 (]: Using snowflake connection "test.nl2sql_analytics.unique_stg_query_history_history_id.98363e75ca"
[0m16:00:43.816352 [debug] [Thread-5 (]: Writing runtime sql for node "test.nl2sql_analytics.not_null_stg_eval_runs_run_id.5413f36675"
[0m16:00:43.817225 [debug] [Thread-3 (]: On test.nl2sql_analytics.unique_stg_query_history_history_id.98363e75ca: select
      count(*) as failures,
      count(*) != 0 as should_warn,
      count(*) != 0 as should_error
    from (
      
    
  
    
    

select
    history_id as unique_field,
    count(*) as n_records

from NL2SQL_ANALYTICS.STAGING.stg_query_history
where history_id is not null
group by history_id
having count(*) > 1



  
  
      
    ) dbt_internal_test
/* {"app": "dbt", "dbt_version": "1.12.5", "profile_name": "nl2sql_analytics", "target_name": "dev", "node_id": "test.nl2sql_analytics.unique_stg_query_history_history_id.98363e75ca"} */
[0m16:00:43.821411 [debug] [Thread-5 (]: Using snowflake connection "test.nl2sql_analytics.not_null_stg_eval_runs_run_id.5413f36675"
[0m16:00:43.822205 [debug] [Thread-5 (]: On test.nl2sql_analytics.not_null_stg_eval_runs_run_id.5413f36675: select
      count(*) as failures,
      count(*) != 0 as should_warn,
      count(*) != 0 as should_error
    from (
      
    
  
    
    



select run_id
from NL2SQL_ANALYTICS.STAGING.stg_eval_runs
where run_id is null



  
  
      
    ) dbt_internal_test
/* {"app": "dbt", "dbt_version": "1.12.5", "profile_name": "nl2sql_analytics", "target_name": "dev", "node_id": "test.nl2sql_analytics.not_null_stg_eval_runs_run_id.5413f36675"} */
[0m16:00:44.124826 [debug] [Thread-4 (]: SQL status: SUCCESS 1 in 0.377 seconds
[0m16:00:44.128063 [info ] [Thread-4 (]: 8 of 18 PASS accepted_values_stg_query_history_source__api__mcp__streamlit_ui .. [[32mPASS[0m in 0.43s]
[0m16:00:44.129411 [debug] [Thread-4 (]: Finished running node test.nl2sql_analytics.accepted_values_stg_query_history_source__api__mcp__streamlit_ui.4600432697
[0m16:00:44.130171 [debug] [Thread-4 (]: Began running node test.nl2sql_analytics.relationships_stg_eval_results_run_id__run_id__ref_stg_eval_runs_.c5b93ec5b7
[0m16:00:44.130905 [info ] [Thread-4 (]: 12 of 18 START test relationships_stg_eval_results_run_id__run_id__ref_stg_eval_runs_  [RUN]
[0m16:00:44.132488 [debug] [Thread-2 (]: SQL status: SUCCESS 1 in 0.381 seconds
[0m16:00:44.133932 [debug] [Thread-4 (]: Re-using an available connection from the pool (formerly test.nl2sql_analytics.accepted_values_stg_query_history_source__api__mcp__streamlit_ui.4600432697, now test.nl2sql_analytics.relationships_stg_eval_results_run_id__run_id__ref_stg_eval_runs_.c5b93ec5b7)
[0m16:00:44.137418 [info ] [Thread-2 (]: 9 of 18 PASS not_null_stg_query_history_history_id ............................. [[32mPASS[0m in 0.41s]
[0m16:00:44.138407 [debug] [Thread-4 (]: Began compiling node test.nl2sql_analytics.relationships_stg_eval_results_run_id__run_id__ref_stg_eval_runs_.c5b93ec5b7
[0m16:00:44.139372 [debug] [Thread-2 (]: Finished running node test.nl2sql_analytics.not_null_stg_query_history_history_id.9e33d481a5
[0m16:00:44.168862 [debug] [Thread-2 (]: Began running node test.nl2sql_analytics.unique_stg_eval_runs_run_id.d068e13fae
[0m16:00:44.172451 [debug] [Thread-4 (]: Writing injected SQL for node "test.nl2sql_analytics.relationships_stg_eval_results_run_id__run_id__ref_stg_eval_runs_.c5b93ec5b7"
[0m16:00:44.173774 [info ] [Thread-2 (]: 13 of 18 START test unique_stg_eval_runs_run_id ................................ [RUN]
[0m16:00:44.175770 [debug] [Thread-3 (]: SQL status: SUCCESS 1 in 0.357 seconds
[0m16:00:44.177680 [debug] [Thread-2 (]: Re-using an available connection from the pool (formerly test.nl2sql_analytics.not_null_stg_query_history_history_id.9e33d481a5, now test.nl2sql_analytics.unique_stg_eval_runs_run_id.d068e13fae)
[0m16:00:44.181960 [info ] [Thread-3 (]: 10 of 18 PASS unique_stg_query_history_history_id .............................. [[32mPASS[0m in 0.40s]
[0m16:00:44.183991 [debug] [Thread-2 (]: Began compiling node test.nl2sql_analytics.unique_stg_eval_runs_run_id.d068e13fae
[0m16:00:44.185084 [debug] [Thread-4 (]: Began executing node test.nl2sql_analytics.relationships_stg_eval_results_run_id__run_id__ref_stg_eval_runs_.c5b93ec5b7
[0m16:00:44.186572 [debug] [Thread-3 (]: Finished running node test.nl2sql_analytics.unique_stg_query_history_history_id.98363e75ca
[0m16:00:44.200189 [debug] [Thread-2 (]: Writing injected SQL for node "test.nl2sql_analytics.unique_stg_eval_runs_run_id.d068e13fae"
[0m16:00:44.203266 [debug] [Thread-4 (]: Writing runtime sql for node "test.nl2sql_analytics.relationships_stg_eval_results_run_id__run_id__ref_stg_eval_runs_.c5b93ec5b7"
[0m16:00:44.206872 [debug] [Thread-4 (]: Using snowflake connection "test.nl2sql_analytics.relationships_stg_eval_results_run_id__run_id__ref_stg_eval_runs_.c5b93ec5b7"
[0m16:00:44.207720 [debug] [Thread-4 (]: On test.nl2sql_analytics.relationships_stg_eval_results_run_id__run_id__ref_stg_eval_runs_.c5b93ec5b7: select
      count(*) as failures,
      count(*) != 0 as should_warn,
      count(*) != 0 as should_error
    from (
      
    
  
    
    

with child as (
    select run_id as from_field
    from NL2SQL_ANALYTICS.STAGING.stg_eval_results
    where run_id is not null
),

parent as (
    select run_id as to_field
    from NL2SQL_ANALYTICS.STAGING.stg_eval_runs
)

select
    from_field

from child
left join parent
    on child.from_field = parent.to_field

where parent.to_field is null



  
  
      
    ) dbt_internal_test
/* {"app": "dbt", "dbt_version": "1.12.5", "profile_name": "nl2sql_analytics", "target_name": "dev", "node_id": "test.nl2sql_analytics.relationships_stg_eval_results_run_id__run_id__ref_stg_eval_runs_.c5b93ec5b7"} */
[0m16:00:44.210726 [debug] [Thread-2 (]: Began executing node test.nl2sql_analytics.unique_stg_eval_runs_run_id.d068e13fae
[0m16:00:44.211920 [debug] [Thread-5 (]: SQL status: SUCCESS 1 in 0.389 seconds
[0m16:00:44.213994 [debug] [Thread-2 (]: Writing runtime sql for node "test.nl2sql_analytics.unique_stg_eval_runs_run_id.d068e13fae"
[0m16:00:44.216279 [info ] [Thread-5 (]: 11 of 18 PASS not_null_stg_eval_runs_run_id .................................... [[32mPASS[0m in 0.42s]
[0m16:00:44.218272 [debug] [Thread-5 (]: Finished running node test.nl2sql_analytics.not_null_stg_eval_runs_run_id.5413f36675
[0m16:00:44.220781 [debug] [Thread-2 (]: Using snowflake connection "test.nl2sql_analytics.unique_stg_eval_runs_run_id.d068e13fae"
[0m16:00:44.221952 [debug] [Thread-2 (]: On test.nl2sql_analytics.unique_stg_eval_runs_run_id.d068e13fae: select
      count(*) as failures,
      count(*) != 0 as should_warn,
      count(*) != 0 as should_error
    from (
      
    
  
    
    

select
    run_id as unique_field,
    count(*) as n_records

from NL2SQL_ANALYTICS.STAGING.stg_eval_runs
where run_id is not null
group by run_id
having count(*) > 1



  
  
      
    ) dbt_internal_test
/* {"app": "dbt", "dbt_version": "1.12.5", "profile_name": "nl2sql_analytics", "target_name": "dev", "node_id": "test.nl2sql_analytics.unique_stg_eval_runs_run_id.d068e13fae"} */
[0m16:00:44.531992 [debug] [Thread-4 (]: SQL status: SUCCESS 1 in 0.323 seconds
[0m16:00:44.533038 [debug] [Thread-2 (]: SQL status: SUCCESS 1 in 0.310 seconds
[0m16:00:44.536748 [info ] [Thread-4 (]: 12 of 18 PASS relationships_stg_eval_results_run_id__run_id__ref_stg_eval_runs_  [[32mPASS[0m in 0.40s]
[0m16:00:44.540326 [info ] [Thread-2 (]: 13 of 18 PASS unique_stg_eval_runs_run_id ...................................... [[32mPASS[0m in 0.36s]
[0m16:00:44.541370 [debug] [Thread-4 (]: Finished running node test.nl2sql_analytics.relationships_stg_eval_results_run_id__run_id__ref_stg_eval_runs_.c5b93ec5b7
[0m16:00:44.542262 [debug] [Thread-2 (]: Finished running node test.nl2sql_analytics.unique_stg_eval_runs_run_id.d068e13fae
[0m16:00:44.543426 [debug] [Thread-3 (]: Began running node model.nl2sql_analytics.int_eval_results_enriched
[0m16:00:44.544256 [info ] [Thread-3 (]: 14 of 18 START sql view model INTERMEDIATE.int_eval_results_enriched ........... [RUN]
[0m16:00:44.545077 [debug] [Thread-3 (]: Re-using an available connection from the pool (formerly test.nl2sql_analytics.unique_stg_query_history_history_id.98363e75ca, now model.nl2sql_analytics.int_eval_results_enriched)
[0m16:00:44.545686 [debug] [Thread-3 (]: Began compiling node model.nl2sql_analytics.int_eval_results_enriched
[0m16:00:44.548967 [debug] [Thread-3 (]: Writing injected SQL for node "model.nl2sql_analytics.int_eval_results_enriched"
[0m16:00:44.551231 [debug] [Thread-3 (]: Began executing node model.nl2sql_analytics.int_eval_results_enriched
[0m16:00:44.554986 [debug] [Thread-3 (]: Writing runtime sql for node "model.nl2sql_analytics.int_eval_results_enriched"
[0m16:00:44.559004 [debug] [Thread-3 (]: Using snowflake connection "model.nl2sql_analytics.int_eval_results_enriched"
[0m16:00:44.559717 [debug] [Thread-3 (]: On model.nl2sql_analytics.int_eval_results_enriched: create or replace   view NL2SQL_ANALYTICS.INTERMEDIATE.int_eval_results_enriched
  
  
  
  
  as (
    -- Per-question results with their run's configuration attached, so downstream
-- marts can slice accuracy by model/provider without re-joining every time.
--
-- INNER join is deliberate. Every result row should have a parent run --
-- eval/load_to_snowflake.py inserts EVAL_RUNS before loading EVAL_RESULTS, and
-- the FK is declared in the DDL. But Snowflake does not ENFORCE foreign keys,
-- so an orphan is possible in principle. An inner join drops orphans silently,
-- which is why the `relationships` test in models/staging/schema.yml exists:
-- it fails the build if any result's run_id is missing from stg_eval_runs,
-- turning a silent row-count discrepancy into a loud error.

with results as (

    select * from NL2SQL_ANALYTICS.STAGING.stg_eval_results

),

runs as (

    select * from NL2SQL_ANALYTICS.STAGING.stg_eval_runs

),

joined as (

    select
        -- everything from stg_eval_results
        results.result_id,
        results.run_id,
        results.question_id,
        results.db_id,
        results.question,
        results.evidence,
        results.gold_sql,
        results.predicted_sql,
        results.correct,
        results.difficulty,
        results.retries,
        results.error_classes_hit,
        results.fatal_error,
        results.schema_context_chars,
        results.seconds,

        -- run-level configuration
        runs.run_timestamp,
        runs.config_label,
        runs.planner_model,
        runs.generator_model,
        runs.classifier_model,
        runs.planner_provider,
        runs.generator_provider,
        runs.classifier_provider

    from results

    inner join runs
        on results.run_id = runs.run_id

)

select * from joined
  )
/* {"app": "dbt", "dbt_version": "1.12.5", "profile_name": "nl2sql_analytics", "target_name": "dev", "node_id": "model.nl2sql_analytics.int_eval_results_enriched"} */;
[0m16:00:45.050031 [debug] [Thread-3 (]: SQL status: SUCCESS 1 in 0.489 seconds
[0m16:00:45.054412 [debug] [Thread-3 (]: Sending event: {'category': 'dbt', 'action': 'run_model', 'label': '8ba323ac-7f75-43da-9c52-18f88b0e15da', 'context': [<snowplow_tracker.self_describing_json.SelfDescribingJson object at 0x000001ACB9313430>]}
[0m16:00:45.055701 [info ] [Thread-3 (]: 14 of 18 OK created sql view model INTERMEDIATE.int_eval_results_enriched ...... [[32mSUCCESS 1[0m in 0.51s]
[0m16:00:45.056529 [debug] [Thread-3 (]: Finished running node model.nl2sql_analytics.int_eval_results_enriched
[0m16:00:45.057928 [debug] [Thread-2 (]: Began running node model.nl2sql_analytics.mart_accuracy_over_time
[0m16:00:45.058774 [debug] [Thread-4 (]: Began running node model.nl2sql_analytics.mart_accuracy_by_difficulty
[0m16:00:45.062524 [debug] [Thread-5 (]: Began running node model.nl2sql_analytics.mart_accuracy_by_database
[0m16:00:45.060370 [info ] [Thread-2 (]: 17 of 18 START sql table model MARTS.mart_accuracy_over_time ................... [RUN]
[0m16:00:45.064181 [info ] [Thread-4 (]: 16 of 18 START sql table model MARTS.mart_accuracy_by_difficulty ............... [RUN]
[0m16:00:45.066670 [info ] [Thread-5 (]: 15 of 18 START sql table model MARTS.mart_accuracy_by_database ................. [RUN]
[0m16:00:45.068210 [debug] [Thread-2 (]: Re-using an available connection from the pool (formerly test.nl2sql_analytics.unique_stg_eval_runs_run_id.d068e13fae, now model.nl2sql_analytics.mart_accuracy_over_time)
[0m16:00:45.069472 [debug] [Thread-4 (]: Re-using an available connection from the pool (formerly test.nl2sql_analytics.relationships_stg_eval_results_run_id__run_id__ref_stg_eval_runs_.c5b93ec5b7, now model.nl2sql_analytics.mart_accuracy_by_difficulty)
[0m16:00:45.070712 [debug] [Thread-5 (]: Re-using an available connection from the pool (formerly test.nl2sql_analytics.not_null_stg_eval_runs_run_id.5413f36675, now model.nl2sql_analytics.mart_accuracy_by_database)
[0m16:00:45.072057 [debug] [Thread-2 (]: Began compiling node model.nl2sql_analytics.mart_accuracy_over_time
[0m16:00:45.072997 [debug] [Thread-4 (]: Began compiling node model.nl2sql_analytics.mart_accuracy_by_difficulty
[0m16:00:45.074237 [debug] [Thread-5 (]: Began compiling node model.nl2sql_analytics.mart_accuracy_by_database
[0m16:00:45.077853 [debug] [Thread-2 (]: Writing injected SQL for node "model.nl2sql_analytics.mart_accuracy_over_time"
[0m16:00:45.080805 [debug] [Thread-4 (]: Writing injected SQL for node "model.nl2sql_analytics.mart_accuracy_by_difficulty"
[0m16:00:45.084624 [debug] [Thread-5 (]: Writing injected SQL for node "model.nl2sql_analytics.mart_accuracy_by_database"
[0m16:00:45.089205 [debug] [Thread-2 (]: Began executing node model.nl2sql_analytics.mart_accuracy_over_time
[0m16:00:45.097823 [debug] [Thread-4 (]: Began executing node model.nl2sql_analytics.mart_accuracy_by_difficulty
[0m16:00:45.147718 [debug] [Thread-4 (]: Writing runtime sql for node "model.nl2sql_analytics.mart_accuracy_by_difficulty"
[0m16:00:45.149225 [debug] [Thread-2 (]: Writing runtime sql for node "model.nl2sql_analytics.mart_accuracy_over_time"
[0m16:00:45.150199 [debug] [Thread-5 (]: Began executing node model.nl2sql_analytics.mart_accuracy_by_database
[0m16:00:45.154636 [debug] [Thread-5 (]: Writing runtime sql for node "model.nl2sql_analytics.mart_accuracy_by_database"
[0m16:00:45.157161 [debug] [Thread-4 (]: Using snowflake connection "model.nl2sql_analytics.mart_accuracy_by_difficulty"
[0m16:00:45.157983 [debug] [Thread-4 (]: On model.nl2sql_analytics.mart_accuracy_by_difficulty: create or replace transient table NL2SQL_ANALYTICS.MARTS.mart_accuracy_by_difficulty
    
    
    
    
    

    as (-- Execution accuracy per BIRD-SQL difficulty band, split by run configuration.
-- Same shape as mart_accuracy_by_database, different grain.

with enriched as (

    select * from NL2SQL_ANALYTICS.INTERMEDIATE.int_eval_results_enriched

),

aggregated as (

    select
        difficulty,
        config_label,

        count(*)                                  as total_questions,
        count_if(correct)                         as correct_count,
        round(count_if(correct) / count(*), 4)    as accuracy

    from enriched

    group by difficulty, config_label

)

select * from aggregated
order by difficulty
    )

/* {"app": "dbt", "dbt_version": "1.12.5", "profile_name": "nl2sql_analytics", "target_name": "dev", "node_id": "model.nl2sql_analytics.mart_accuracy_by_difficulty"} */;
[0m16:00:45.164480 [debug] [Thread-2 (]: Using snowflake connection "model.nl2sql_analytics.mart_accuracy_over_time"
[0m16:00:45.160924 [debug] [Thread-5 (]: Using snowflake connection "model.nl2sql_analytics.mart_accuracy_by_database"
[0m16:00:45.166263 [debug] [Thread-2 (]: On model.nl2sql_analytics.mart_accuracy_over_time: create or replace transient table NL2SQL_ANALYTICS.MARTS.mart_accuracy_over_time
    
    
    
    
    

    as (-- One row per benchmark run: the time series of overall accuracy.
--
-- Grain is deliberately the RUN, not run x database or run x difficulty.
-- Airflow's drift check reads this table and compares consecutive runs; if it
-- were further split, a "drop in accuracy" could just be a shift in which
-- databases a run covered rather than a real regression. Use
-- mart_accuracy_by_database / _by_difficulty for the breakdowns.
--
-- COVERAGE IS NOT CONSTANT ACROSS RUNS -- read `accuracy` with the two
-- coverage columns below. The two seeded runs do not cover the same databases:
--   baseline       spans 11 databases (500 questions)
--   with_evidence  spans  4 databases (150 questions):
--                  debit_card_specializing, european_football_2,
--                  student_club, thrombosis_prediction
-- Those 4 were already above-average performers under baseline, so the raw
-- 0.4420 -> 0.5267 delta visible in this table is NOT a controlled
-- comparison. It conflates "evidence helps" with "this run skipped the hard
-- databases". The README's +8.67pp evidence-ablation figure comes from a
-- MATCHED 150-question slice, which this mart does not reproduce.
--
-- TWO COVERAGE GUARDS, and the second exists because the first is not enough:
--
--   distinct_db_count -- how many databases the run covered. Makes the
--     confound machine-detectable rather than a footnote. But a COUNT is only
--     a size: two runs could each cover 4 databases with no overlap at all
--     and both report 4, so a check keying on this alone would compare them
--     happily. Necessary, not sufficient.
--
--   db_id_set_hash -- MD5 over the sorted, comma-joined distinct db_ids. A
--     fingerprint of the SET ITSELF, not its size, so the two disjoint
--     4-database runs above produce different hashes and are correctly
--     refused. DISTINCT collapses per-question duplicates; WITHIN GROUP
--     (ORDER BY db_id) makes the ordering deterministic, without which the
--     same set could hash differently between runs and the guard would
--     produce false mismatches.
--
-- A drift check should require db_id_set_hash equality before comparing two
-- runs' accuracy. distinct_db_count is kept alongside it because it is human
-- readable in a way a hash is not -- it tells you HOW the coverage differs.

with enriched as (

    select * from NL2SQL_ANALYTICS.INTERMEDIATE.int_eval_results_enriched

),

aggregated as (

    select
        run_id,
        run_timestamp,
        config_label,

        count(*)                                  as total_questions,
        count_if(correct)                         as correct_count,
        round(count_if(correct) / count(*), 4)    as accuracy,

        count(distinct db_id)                     as distinct_db_count,
        md5(listagg(distinct db_id, ',')
            within group (order by db_id))        as db_id_set_hash

    from enriched

    group by run_id, run_timestamp, config_label

)

select * from aggregated
order by run_timestamp
    )

/* {"app": "dbt", "dbt_version": "1.12.5", "profile_name": "nl2sql_analytics", "target_name": "dev", "node_id": "model.nl2sql_analytics.mart_accuracy_over_time"} */;
[0m16:00:45.166929 [debug] [Thread-5 (]: On model.nl2sql_analytics.mart_accuracy_by_database: create or replace transient table NL2SQL_ANALYTICS.MARTS.mart_accuracy_by_database
    
    
    
    
    

    as (-- Execution accuracy per database, split by run configuration.
--
-- Answers "which schemas does the agent struggle on, and did the config
-- change help?" -- the per-database table in the project README is this query.
--
-- Note accuracy here is EXECUTION accuracy: the predicted SQL returned the
-- same rows as the gold SQL. It does not mean the SQL is well-formed or that
-- it would generalise; see the README's "What this doesn't do".

with enriched as (

    select * from NL2SQL_ANALYTICS.INTERMEDIATE.int_eval_results_enriched

),

aggregated as (

    select
        db_id,
        config_label,

        count(*)                                  as total_questions,
        count_if(correct)                         as correct_count,
        -- Snowflake division yields a decimal (not integer truncation), so
        -- this is a true ratio. 4dp keeps 0.1667-style values exact enough to
        -- compare runs without pretending to more precision than 150-500
        -- questions supports.
        round(count_if(correct) / count(*), 4)    as accuracy

    from enriched

    group by db_id, config_label

)

select * from aggregated
order by db_id
    )

/* {"app": "dbt", "dbt_version": "1.12.5", "profile_name": "nl2sql_analytics", "target_name": "dev", "node_id": "model.nl2sql_analytics.mart_accuracy_by_database"} */;
[0m16:00:46.256743 [debug] [Thread-2 (]: SQL status: SUCCESS 2 in 1.089 seconds
[0m16:00:46.267356 [debug] [Thread-5 (]: SQL status: SUCCESS 15 in 1.098 seconds
[0m16:00:46.274656 [debug] [Thread-5 (]: Sending event: {'category': 'dbt', 'action': 'run_model', 'label': '8ba323ac-7f75-43da-9c52-18f88b0e15da', 'context': [<snowplow_tracker.self_describing_json.SelfDescribingJson object at 0x000001ACB9367150>]}
[0m16:00:46.275935 [debug] [Thread-2 (]: Sending event: {'category': 'dbt', 'action': 'run_model', 'label': '8ba323ac-7f75-43da-9c52-18f88b0e15da', 'context': [<snowplow_tracker.self_describing_json.SelfDescribingJson object at 0x000001ACB9367050>]}
[0m16:00:46.278843 [info ] [Thread-5 (]: 15 of 18 OK created sql table model MARTS.mart_accuracy_by_database ............ [[32mSUCCESS 15[0m in 1.20s]
[0m16:00:46.282017 [info ] [Thread-2 (]: 17 of 18 OK created sql table model MARTS.mart_accuracy_over_time .............. [[32mSUCCESS 2[0m in 1.20s]
[0m16:00:46.285534 [debug] [Thread-5 (]: Finished running node model.nl2sql_analytics.mart_accuracy_by_database
[0m16:00:46.289124 [debug] [Thread-2 (]: Finished running node model.nl2sql_analytics.mart_accuracy_over_time
[0m16:00:46.999283 [debug] [Thread-4 (]: SQL status: SUCCESS 6 in 1.840 seconds
[0m16:00:47.006518 [debug] [Thread-4 (]: Sending event: {'category': 'dbt', 'action': 'run_model', 'label': '8ba323ac-7f75-43da-9c52-18f88b0e15da', 'context': [<snowplow_tracker.self_describing_json.SelfDescribingJson object at 0x000001ACA0402B70>]}
[0m16:00:47.008229 [info ] [Thread-4 (]: 16 of 18 OK created sql table model MARTS.mart_accuracy_by_difficulty .......... [[32mSUCCESS 6[0m in 1.94s]
[0m16:00:47.010062 [debug] [Thread-4 (]: Finished running node model.nl2sql_analytics.mart_accuracy_by_difficulty
[0m16:00:47.012029 [debug] [Thread-3 (]: Began running node test.nl2sql_analytics.assert_accuracy_bounds
[0m16:00:47.013535 [info ] [Thread-3 (]: 18 of 18 START test assert_accuracy_bounds ..................................... [RUN]
[0m16:00:47.014886 [debug] [Thread-3 (]: Re-using an available connection from the pool (formerly model.nl2sql_analytics.int_eval_results_enriched, now test.nl2sql_analytics.assert_accuracy_bounds)
[0m16:00:47.015924 [debug] [Thread-3 (]: Began compiling node test.nl2sql_analytics.assert_accuracy_bounds
[0m16:00:47.022047 [debug] [Thread-3 (]: Writing injected SQL for node "test.nl2sql_analytics.assert_accuracy_bounds"
[0m16:00:47.028650 [debug] [Thread-3 (]: Began executing node test.nl2sql_analytics.assert_accuracy_bounds
[0m16:00:47.033817 [debug] [Thread-3 (]: Writing runtime sql for node "test.nl2sql_analytics.assert_accuracy_bounds"
[0m16:00:47.041079 [debug] [Thread-3 (]: Using snowflake connection "test.nl2sql_analytics.assert_accuracy_bounds"
[0m16:00:47.042541 [debug] [Thread-3 (]: On test.nl2sql_analytics.assert_accuracy_bounds: select
      count(*) as failures,
      count(*) != 0 as should_warn,
      count(*) != 0 as should_error
    from (
      
    
  -- Singular test: fails if it returns ANY rows.
--
-- Guards the arithmetic in the three accuracy marts. The generic tests in
-- models/staging/schema.yml are all structural -- keys, nullity, referential
-- integrity -- and every one of them would still pass if the accuracy
-- calculation itself were wrong. This closes that gap.
--
-- Two impossible conditions, each catching a different class of bug:
--   correct_count > total_questions
--     count_if(correct) can never exceed count(*) over the same group, so this
--     firing means the grouping changed underneath one of the aggregates --
--     e.g. a join that fanned out rows, or a group-by key dropped from one
--     expression but not the other.
--   accuracy < 0 OR accuracy > 1
--     catches a division inverted, a numerator and denominator swapped, or a
--     future rewrite that divides by a filtered subtotal instead of count(*).
--
-- Both are cheap: three grouped scans over tables of a few rows each. The
-- value is that they run on every `dbt build`, so a broken mart fails the
-- pipeline instead of quietly publishing a plausible-looking number.

SELECT 'mart_accuracy_by_database' AS source_mart, config_label,
       correct_count, total_questions, accuracy
FROM NL2SQL_ANALYTICS.MARTS.mart_accuracy_by_database
WHERE correct_count > total_questions OR accuracy < 0 OR accuracy > 1

UNION ALL

SELECT 'mart_accuracy_by_difficulty' AS source_mart, config_label,
       correct_count, total_questions, accuracy
FROM NL2SQL_ANALYTICS.MARTS.mart_accuracy_by_difficulty
WHERE correct_count > total_questions OR accuracy < 0 OR accuracy > 1

UNION ALL

SELECT 'mart_accuracy_over_time' AS source_mart, config_label,
       correct_count, total_questions, accuracy
FROM NL2SQL_ANALYTICS.MARTS.mart_accuracy_over_time
WHERE correct_count > total_questions OR accuracy < 0 OR accuracy > 1
  
  
      
    ) dbt_internal_test
/* {"app": "dbt", "dbt_version": "1.12.5", "profile_name": "nl2sql_analytics", "target_name": "dev", "node_id": "test.nl2sql_analytics.assert_accuracy_bounds"} */
[0m16:00:47.610546 [debug] [Thread-3 (]: SQL status: SUCCESS 1 in 0.567 seconds
[0m16:00:47.614217 [info ] [Thread-3 (]: 18 of 18 PASS assert_accuracy_bounds ........................................... [[32mPASS[0m in 0.60s]
[0m16:00:47.615358 [debug] [Thread-3 (]: Finished running node test.nl2sql_analytics.assert_accuracy_bounds
[0m16:00:47.618214 [debug] [MainThread]: Connection 'master' was properly closed.
[0m16:00:47.619249 [debug] [MainThread]: Connection 'list_NL2SQL_ANALYTICS' was left open.
[0m16:00:47.619882 [debug] [MainThread]: On list_NL2SQL_ANALYTICS: Close
[0m16:00:47.737605 [debug] [MainThread]: Connection 'list_NL2SQL_ANALYTICS' was left open.
[0m16:00:47.738767 [debug] [MainThread]: On list_NL2SQL_ANALYTICS: Close
[0m16:00:47.866237 [debug] [MainThread]: Connection 'list_NL2SQL_ANALYTICS' was left open.
[0m16:00:47.867414 [debug] [MainThread]: On list_NL2SQL_ANALYTICS: Close
[0m16:00:48.115879 [debug] [MainThread]: Connection 'list_NL2SQL_ANALYTICS_INTERMEDIATE' was left open.
[0m16:00:48.116416 [debug] [MainThread]: On list_NL2SQL_ANALYTICS_INTERMEDIATE: Close
[0m16:00:48.390781 [debug] [MainThread]: Connection 'list_NL2SQL_ANALYTICS_STAGING' was left open.
[0m16:00:48.391707 [debug] [MainThread]: On list_NL2SQL_ANALYTICS_STAGING: Close
[0m16:00:48.519970 [debug] [MainThread]: Connection 'list_NL2SQL_ANALYTICS_MARTS' was left open.
[0m16:00:48.520885 [debug] [MainThread]: On list_NL2SQL_ANALYTICS_MARTS: Close
[0m16:00:48.721991 [debug] [MainThread]: Connection 'model.nl2sql_analytics.mart_accuracy_over_time' was left open.
[0m16:00:48.722963 [debug] [MainThread]: On model.nl2sql_analytics.mart_accuracy_over_time: Close
[0m16:00:48.874798 [debug] [MainThread]: Connection 'test.nl2sql_analytics.assert_accuracy_bounds' was left open.
[0m16:00:48.875511 [debug] [MainThread]: On test.nl2sql_analytics.assert_accuracy_bounds: Close
[0m16:00:49.032097 [debug] [MainThread]: Connection 'model.nl2sql_analytics.mart_accuracy_by_difficulty' was left open.
[0m16:00:49.033163 [debug] [MainThread]: On model.nl2sql_analytics.mart_accuracy_by_difficulty: Close
[0m16:00:49.374963 [debug] [MainThread]: Connection 'model.nl2sql_analytics.mart_accuracy_by_database' was left open.
[0m16:00:49.376049 [debug] [MainThread]: On model.nl2sql_analytics.mart_accuracy_by_database: Close
[0m16:00:50.065983 [info ] [MainThread]: 
[0m16:00:50.066965 [info ] [MainThread]: Finished running 3 table models, 11 data tests, 4 view models in 0 hours 0 minutes and 11.44 seconds (11.44s).
[0m16:00:50.075527 [debug] [MainThread]: Command end result
[0m16:00:50.141563 [debug] [MainThread]: Wrote artifact WritableManifest to C:\Users\Arun\OneDrive\Desktop\nl2sql-agentic-rag\nl2sql-agentic-rag\dbt_project\target\manifest.json
[0m16:00:50.146482 [debug] [MainThread]: Wrote artifact SemanticManifest to C:\Users\Arun\OneDrive\Desktop\nl2sql-agentic-rag\nl2sql-agentic-rag\dbt_project\target\semantic_manifest.json
[0m16:00:50.154918 [debug] [MainThread]: Wrote artifact OsiDocument to C:\Users\Arun\OneDrive\Desktop\nl2sql-agentic-rag\nl2sql-agentic-rag\dbt_project\target\osi_document.json
[0m16:00:50.165024 [debug] [MainThread]: Wrote artifact RunExecutionResult to C:\Users\Arun\OneDrive\Desktop\nl2sql-agentic-rag\nl2sql-agentic-rag\dbt_project\target\run_results.json
[0m16:00:50.165813 [info ] [MainThread]: 
[0m16:00:50.166509 [info ] [MainThread]: [32mCompleted successfully[0m
[0m16:00:50.166962 [info ] [MainThread]: 
[0m16:00:50.167382 [info ] [MainThread]: Done. PASS=18 WARN=0 ERROR=0 SKIP=0 NO-OP=0 REUSED=0 TOTAL=18
[0m16:00:50.169410 [debug] [MainThread]: Command `dbt build` succeeded at 16:00:50.168986 after 18.06 seconds
[0m16:00:50.170386 [debug] [MainThread]: Sending event: {'category': 'dbt', 'action': 'invocation', 'label': 'end', 'context': [<snowplow_tracker.self_describing_json.SelfDescribingJson object at 0x000001ACA3B83DD0>, <snowplow_tracker.self_describing_json.SelfDescribingJson object at 0x000001ACB9244D70>, <snowplow_tracker.self_describing_json.SelfDescribingJson object at 0x000001ACB9245250>]}
[0m16:00:50.170991 [debug] [MainThread]: Flushing usage events
[0m16:00:50.859758 [debug] [MainThread]: An error was encountered while trying to flush usage events
